date,groupe_age,campagne,DOSES(J07E1),ACTE(VGP),annee,mois,jour_semaine,semaine_annee,DOSES(J07E1)_campagne,ACTE(VGP)_campagne,UNIVERS,PHARMACIES,POURCENTAGE
2021-10-22,65 ans et plus,2021-2022,567525,117217,2021,10,4,42,,,,,
2021-10-22,moins de 65 ans,2021-2022,111876,24537,2021,10,4,42,,,,,
2021-10-23,65 ans et plus,2021-2022,234990,42728,2021,10,5,42,,,,,
2021-10-23,moins de 65 ans,2021-2022,54861,12205,2021,10,5,42,,,,,
2021-10-24,65 ans et plus,2021-2022,2005,351,2021,10,6,42,,,,,
2021-10-24,moins de 65 ans,2021-2022,668,167,2021,10,6,42,,,,,
2021-10-25,65 ans et plus,2021-2022,385369,110893,2021,10,0,43,,,,,
2021-10-25,moins de 65 ans,2021-2022,77941,21386,2021,10,0,43,,,,,
2021-10-26,65 ans et plus,2021-2022,604048,184509,2021,10,1,43,,,,,
2021-10-26,moins de 65 ans,2021-2022,121794,37721,2021,10,1,43,,,,,
2021-10-27,65 ans et plus,2021-2022,406922,127418,2021,10,2,43,,,,,
2021-10-27,moins de 65 ans,2021-2022,86346,26888,2021,10,2,43,,,,,
2021-10-28,65 ans et plus,2021-2022,344925,115587,2021,10,3,43,,,,,
2021-10-28,moins de 65 ans,2021-2022,74740,24361,2021,10,3,43,,,,,
2021-10-29,65 ans et plus,2021-2022,303682,102452,2021,10,4,43,,,,,
2021-10-29,moins de 65 ans,2021-2022,72756,24371,2021,10,4,43,,,,,
2021-10-30,65 ans et plus,2021-2022,141989,35504,2021,10,5,43,,,,,
2021-10-30,moins de 65 ans,2021-2022,44674,14001,2021,10,5,43,,,,,
2021-10-31,65 ans et plus,2021-2022,1500,464,2021,10,6,43,,,,,
2021-10-31,moins de 65 ans,2021-2022,579,172,2021,10,6,43,,,,,
2021-11-01,65 ans et plus,2021-2022,2401,852,2021,11,0,44,,,,,
2021-11-01,moins de 65 ans,2021-2022,854,313,2021,11,0,44,,,,,
2021-11-02,65 ans et plus,2021-2022,399202,151892,2021,11,1,44,,,,,
2021-11-02,moins de 65 ans,2021-2022,82752,28909,2021,11,1,44,,,,,
2021-11-03,65 ans et plus,2021-2022,337307,132283,2021,11,2,44,,,,,
2021-11-03,moins de 65 ans,2021-2022,73352,25122,2021,11,2,44,,,,,
2021-11-04,65 ans et plus,2021-2022,306386,124827,2021,11,3,44,,,,,
2021-11-04,moins de 65 ans,2021-2022,68462,24211,2021,11,3,44,,,,,
2021-11-05,65 ans et plus,2021-2022,287367,120242,2021,11,4,44,,,,,
2021-11-05,moins de 65 ans,2021-2022,70877,26376,2021,11,4,44,,,,,
2021-11-06,65 ans et plus,2021-2022,134290,41072,2021,11,5,44,,,,,
2021-11-06,moins de 65 ans,2021-2022,45852,15313,2021,11,5,44,,,,,
2021-11-07,65 ans et plus,2021-2022,1257,515,2021,11,6,44,,,,,
2021-11-07,moins de 65 ans,2021-2022,534,163,2021,11,6,44,,,,,
2021-11-08,65 ans et plus,2021-2022,290012,131120,2021,11,0,45,,,,,
2021-11-08,moins de 65 ans,2021-2022,68898,25307,2021,11,0,45,,,,,
2021-11-09,65 ans et plus,2021-2022,307027,144903,2021,11,1,45,,,,,
2021-11-09,moins de 65 ans,2021-2022,69824,25984,2021,11,1,45,,,,,
2021-11-10,65 ans et plus,2021-2022,268875,125243,2021,11,2,45,,,,,
2021-11-10,moins de 65 ans,2021-2022,71699,26073,2021,11,2,45,,,,,
2021-11-11,65 ans et plus,2021-2022,2678,1078,2021,11,3,45,,,,,
2021-11-11,moins de 65 ans,2021-2022,1196,408,2021,11,3,45,,,,,
2021-11-12,65 ans et plus,2021-2022,261935,126354,2021,11,4,45,,,,,
2021-11-12,moins de 65 ans,2021-2022,70635,28142,2021,11,4,45,,,,,
2021-11-13,65 ans et plus,2021-2022,101066,35947,2021,11,5,45,,,,,
2021-11-13,moins de 65 ans,2021-2022,36667,12773,2021,11,5,45,,,,,
2021-11-14,65 ans et plus,2021-2022,1064,360,2021,11,6,45,,,,,
2021-11-14,moins de 65 ans,2021-2022,586,213,2021,11,6,45,,,,,
2021-11-15,65 ans et plus,2021-2022,230292,117396,2021,11,0,46,,,,,
2021-11-15,moins de 65 ans,2021-2022,61887,23842,2021,11,0,46,,,,,
2021-11-16,65 ans et plus,2021-2022,240472,125888,2021,11,1,46,,,,,
2021-11-16,moins de 65 ans,2021-2022,64631,24456,2021,11,1,46,,,,,
2021-11-17,65 ans et plus,2021-2022,184207,92746,2021,11,2,46,,,,,
2021-11-17,moins de 65 ans,2021-2022,58361,21064,2021,11,2,46,,,,,
2021-11-18,65 ans et plus,2021-2022,174239,91857,2021,11,3,46,,,,,
2021-11-18,moins de 65 ans,2021-2022,55015,20834,2021,11,3,46,,,,,
2021-11-19,65 ans et plus,2021-2022,151235,80696,2021,11,4,46,,,,,
2021-11-19,moins de 65 ans,2021-2022,56755,22749,2021,11,4,46,,,,,
2021-11-20,65 ans et plus,2021-2022,62566,24327,2021,11,5,46,,,,,
2021-11-20,moins de 65 ans,2021-2022,38569,13726,2021,11,5,46,,,,,
2021-11-21,65 ans et plus,2021-2022,771,292,2021,11,6,46,,,,,
2021-11-21,moins de 65 ans,2021-2022,480,143,2021,11,6,46,,,,,
2021-11-22,65 ans et plus,2021-2022,139859,75255,2021,11,0,47,,,,,
2021-11-22,moins de 65 ans,2021-2022,82538,28861,2021,11,0,47,,,,,
2021-11-23,65 ans et plus,2021-2022,145563,80437,2021,11,1,47,,,,,
2021-11-23,moins de 65 ans,2021-2022,85607,31783,2021,11,1,47,,,,,
2021-11-24,65 ans et plus,2021-2022,108954,58897,2021,11,2,47,,,,,
2021-11-24,moins de 65 ans,2021-2022,68446,25243,2021,11,2,47,,,,,
2021-11-25,65 ans et plus,2021-2022,105921,58293,2021,11,3,47,,,,,
2021-11-25,moins de 65 ans,2021-2022,62553,24659,2021,11,3,47,,,,,
2021-11-26,65 ans et plus,2021-2022,99072,56424,2021,11,4,47,,,,,
2021-11-26,moins de 65 ans,2021-2022,67379,28494,2021,11,4,47,,,,,
2021-11-27,65 ans et plus,2021-2022,38724,16010,2021,11,5,47,,,,,
2021-11-27,moins de 65 ans,2021-2022,42211,17077,2021,11,5,47,,,,,
2021-11-28,65 ans et plus,2021-2022,593,312,2021,11,6,47,,,,,
2021-11-28,moins de 65 ans,2021-2022,638,241,2021,11,6,47,,,,,
2021-11-29,65 ans et plus,2021-2022,86001,47378,2021,11,0,48,,,,,
2021-11-29,moins de 65 ans,2021-2022,51357,21273,2021,11,0,48,,,,,
2021-11-30,65 ans et plus,2021-2022,94850,54192,2021,11,1,48,,,,,
2021-11-30,moins de 65 ans,2021-2022,50213,21188,2021,11,1,48,,,,,
2021-12-01,65 ans et plus,2021-2022,71523,40252,2021,12,2,48,,,,,
2021-12-01,moins de 65 ans,2021-2022,42202,17357,2021,12,2,48,,,,,
2021-12-02,65 ans et plus,2021-2022,70914,40202,2021,12,3,48,,,,,
2021-12-02,moins de 65 ans,2021-2022,37999,16056,2021,12,3,48,,,,,
2021-12-03,65 ans et plus,2021-2022,59561,34194,2021,12,4,48,,,,,
2021-12-03,moins de 65 ans,2021-2022,37171,16513,2021,12,4,48,,,,,
2021-12-04,65 ans et plus,2021-2022,24530,10634,2021,12,5,48,,,,,
2021-12-04,moins de 65 ans,2021-2022,23973,9942,2021,12,5,48,,,,,
2021-12-05,65 ans et plus,2021-2022,401,285,2021,12,6,48,,,,,
2021-12-05,moins de 65 ans,2021-2022,432,197,2021,12,6,48,,,,,
2021-12-06,65 ans et plus,2021-2022,50507,29296,2021,12,0,49,,,,,
2021-12-06,moins de 65 ans,2021-2022,29396,12567,2021,12,0,49,,,,,
2021-12-07,65 ans et plus,2021-2022,53490,31680,2021,12,1,49,,,,,
2021-12-07,moins de 65 ans,2021-2022,28612,12364,2021,12,1,49,,,,,
2021-12-08,65 ans et plus,2021-2022,42804,24589,2021,12,2,49,,,,,
2021-12-08,moins de 65 ans,2021-2022,24950,10433,2021,12,2,49,,,,,
2021-12-09,65 ans et plus,2021-2022,41890,24579,2021,12,3,49,,,,,
2021-12-09,moins de 65 ans,2021-2022,23967,10329,2021,12,3,49,,,,,
2021-12-10,65 ans et plus,2021-2022,36819,21662,2021,12,4,49,,,,,
2021-12-10,moins de 65 ans,2021-2022,24127,10506,2021,12,4,49,,,,,
2021-12-11,65 ans et plus,2021-2022,16385,7552,2021,12,5,49,,,,,
2021-12-11,moins de 65 ans,2021-2022,15093,6130,2021,12,5,49,,,,,
2021-12-12,65 ans et plus,2021-2022,405,208,2021,12,6,49,,,,,
2021-12-12,moins de 65 ans,2021-2022,436,240,2021,12,6,49,,,,,
2021-12-13,65 ans et plus,2021-2022,33307,20092,2021,12,0,50,,,,,
2021-12-13,moins de 65 ans,2021-2022,19549,8671,2021,12,0,50,,,,,
2021-12-14,65 ans et plus,2021-2022,34808,21249,2021,12,1,50,,,,,
2021-12-14,moins de 65 ans,2021-2022,18843,8565,2021,12,1,50,,,,,
2021-12-15,65 ans et plus,2021-2022,29021,17452,2021,12,2,50,,,,,
2021-12-15,moins de 65 ans,2021-2022,17122,7465,2021,12,2,50,,,,,
2021-12-16,65 ans et plus,2021-2022,29752,17971,2021,12,3,50,,,,,
2021-12-16,moins de 65 ans,2021-2022,17057,7764,2021,12,3,50,,,,,
2021-12-17,65 ans et plus,2021-2022,25799,16021,2021,12,4,50,,,,,
2021-12-17,moins de 65 ans,2021-2022,16882,8071,2021,12,4,50,,,,,
2021-12-18,65 ans et plus,2021-2022,11240,5682,2021,12,5,50,,,,,
2021-12-18,moins de 65 ans,2021-2022,10627,4705,2021,12,5,50,,,,,
2021-12-19,65 ans et plus,2021-2022,445,213,2021,12,6,50,,,,,
2021-12-19,moins de 65 ans,2021-2022,352,229,2021,12,6,50,,,,,
2021-12-20,65 ans et plus,2021-2022,19224,11934,2021,12,0,51,,,,,
2021-12-20,moins de 65 ans,2021-2022,13995,6615,2021,12,0,51,,,,,
2021-12-21,65 ans et plus,2021-2022,18337,11360,2021,12,1,51,,,,,
2021-12-21,moins de 65 ans,2021-2022,12649,5959,2021,12,1,51,,,,,
2021-12-22,65 ans et plus,2021-2022,13733,8082,2021,12,2,51,,,,,
2021-12-22,moins de 65 ans,2021-2022,10752,4898,2021,12,2,51,,,,,
2021-12-23,65 ans et plus,2021-2022,11948,6755,2021,12,3,51,,,,,
2021-12-23,moins de 65 ans,2021-2022,9887,4028,2021,12,3,51,,,,,
2021-12-24,65 ans et plus,2021-2022,6514,2660,2021,12,4,51,,,,,
2021-12-24,moins de 65 ans,2021-2022,5834,1968,2021,12,4,51,,,,,
2021-12-25,65 ans et plus,2021-2022,152,38,2021,12,5,51,,,,,
2021-12-25,moins de 65 ans,2021-2022,62,26,2021,12,5,51,,,,,
2021-12-26,65 ans et plus,2021-2022,399,171,2021,12,6,51,,,,,
2021-12-26,moins de 65 ans,2021-2022,146,87,2021,12,6,51,,,,,
2021-12-27,65 ans et plus,2021-2022,11137,6779,2021,12,0,52,,,,,
2021-12-27,moins de 65 ans,2021-2022,8889,4229,2021,12,0,52,,,,,
2021-12-28,65 ans et plus,2021-2022,11737,7259,2021,12,1,52,,,,,
2021-12-28,moins de 65 ans,2021-2022,8504,4187,2021,12,1,52,,,,,
2021-12-29,65 ans et plus,2021-2022,10042,5834,2021,12,2,52,,,,,
2021-12-29,moins de 65 ans,2021-2022,7489,3566,2021,12,2,52,,,,,
2021-12-30,65 ans et plus,2021-2022,9370,5312,2021,12,3,52,,,,,
2021-12-30,moins de 65 ans,2021-2022,7215,3348,2021,12,3,52,,,,,
2021-12-31,65 ans et plus,2021-2022,4985,2433,2021,12,4,52,,,,,
2021-12-31,moins de 65 ans,2021-2022,4340,1725,2021,12,4,52,,,,,
2022-01-01,65 ans et plus,2021-2022,186,161,2022,1,5,52,,,,,
2022-01-01,moins de 65 ans,2021-2022,120,42,2022,1,5,52,,,,,
2022-01-02,65 ans et plus,2021-2022,83,162,2022,1,6,52,,,,,
2022-01-02,moins de 65 ans,2021-2022,103,53,2022,1,6,52,,,,,
2022-01-03,65 ans et plus,2021-2022,8126,4488,2022,1,0,1,,,,,
2022-01-03,moins de 65 ans,2021-2022,5750,2358,2022,1,0,1,,,,,
2022-01-04,65 ans et plus,2021-2022,9693,5820,2022,1,1,1,,,,,
2022-01-04,moins de 65 ans,2021-2022,6418,2963,2022,1,1,1,,,,,
2022-01-05,65 ans et plus,2021-2022,8320,5089,2022,1,2,1,,,,,
2022-01-05,moins de 65 ans,2021-2022,5664,2498,2022,1,2,1,,,,,
2022-01-06,65 ans et plus,2021-2022,8692,5049,2022,1,3,1,,,,,
2022-01-06,moins de 65 ans,2021-2022,5685,2486,2022,1,3,1,,,,,
2022-01-07,65 ans et plus,2021-2022,7667,4576,2022,1,4,1,,,,,
2022-01-07,moins de 65 ans,2021-2022,5551,2805,2022,1,4,1,,,,,
2022-01-08,65 ans et plus,2021-2022,3709,1854,2022,1,5,1,,,,,
2022-01-08,moins de 65 ans,2021-2022,3419,1481,2022,1,5,1,,,,,
2022-01-09,65 ans et plus,2021-2022,215,92,2022,1,6,1,,,,,
2022-01-09,moins de 65 ans,2021-2022,147,62,2022,1,6,1,,,,,
2022-01-10,65 ans et plus,2021-2022,6438,3528,2022,1,0,2,,,,,
2022-01-10,moins de 65 ans,2021-2022,4172,1758,2022,1,0,2,,,,,
2022-01-11,65 ans et plus,2021-2022,6550,3805,2022,1,1,2,,,,,
2022-01-11,moins de 65 ans,2021-2022,4076,1912,2022,1,1,2,,,,,
2022-01-12,65 ans et plus,2021-2022,5139,2945,2022,1,2,2,,,,,
2022-01-12,moins de 65 ans,2021-2022,3762,1604,2022,1,2,2,,,,,
2022-01-13,65 ans et plus,2021-2022,5082,3042,2022,1,3,2,,,,,
2022-01-13,moins de 65 ans,2021-2022,3501,1511,2022,1,3,2,,,,,
2022-01-14,65 ans et plus,2021-2022,4653,2800,2022,1,4,2,,,,,
2022-01-14,moins de 65 ans,2021-2022,3582,1662,2022,1,4,2,,,,,
2022-01-15,65 ans et plus,2021-2022,2525,1109,2022,1,5,2,,,,,
2022-01-15,moins de 65 ans,2021-2022,2096,919,2022,1,5,2,,,,,
2022-01-16,65 ans et plus,2021-2022,47,130,2022,1,6,2,,,,,
2022-01-16,moins de 65 ans,2021-2022,108,72,2022,1,6,2,,,,,
2022-01-17,65 ans et plus,2021-2022,3515,2272,2022,1,0,3,,,,,
2022-01-17,moins de 65 ans,2021-2022,2723,1272,2022,1,0,3,,,,,
2022-01-18,65 ans et plus,2021-2022,4357,2483,2022,1,1,3,,,,,
2022-01-18,moins de 65 ans,2021-2022,2629,1351,2022,1,1,3,,,,,
2022-01-19,65 ans et plus,2021-2022,3804,2007,2022,1,2,3,,,,,
2022-01-19,moins de 65 ans,2021-2022,2459,1090,2022,1,2,3,,,,,
2022-01-20,65 ans et plus,2021-2022,3335,2166,2022,1,3,3,,,,,
2022-01-20,moins de 65 ans,2021-2022,2499,1132,2022,1,3,3,,,,,
2022-01-21,65 ans et plus,2021-2022,3622,2080,2022,1,4,3,,,,,
2022-01-21,moins de 65 ans,2021-2022,2550,1150,2022,1,4,3,,,,,
2022-01-22,65 ans et plus,2021-2022,1990,786,2022,1,5,3,,,,,
2022-01-22,moins de 65 ans,2021-2022,1610,644,2022,1,5,3,,,,,
2022-01-23,65 ans et plus,2021-2022,26,49,2022,1,6,3,,,,,
2022-01-23,moins de 65 ans,2021-2022,174,49,2022,1,6,3,,,,,
2022-01-24,65 ans et plus,2021-2022,3190,1769,2022,1,0,4,,,,,
2022-01-24,moins de 65 ans,2021-2022,1853,835,2022,1,0,4,,,,,
2022-01-25,65 ans et plus,2021-2022,3597,1995,2022,1,1,4,,,,,
2022-01-25,moins de 65 ans,2021-2022,2029,1004,2022,1,1,4,,,,,
2022-01-26,65 ans et plus,2021-2022,2837,1662,2022,1,2,4,,,,,
2022-01-26,moins de 65 ans,2021-2022,1758,794,2022,1,2,4,,,,,
2022-01-27,65 ans et plus,2021-2022,3074,1692,2022,1,3,4,,,,,
2022-01-27,moins de 65 ans,2021-2022,1908,861,2022,1,3,4,,,,,
2022-01-28,65 ans et plus,2021-2022,2584,1578,2022,1,4,4,,,,,
2022-01-28,moins de 65 ans,2021-2022,1967,913,2022,1,4,4,,,,,
2022-01-29,65 ans et plus,2021-2022,1829,783,2022,1,5,4,,,,,
2022-01-29,moins de 65 ans,2021-2022,1163,568,2022,1,5,4,,,,,
2022-01-30,65 ans et plus,2021-2022,82,42,2022,1,6,4,,,,,
2022-01-30,moins de 65 ans,2021-2022,51,58,2022,1,6,4,,,,,
2022-01-31,65 ans et plus,2021-2022,2637,1612,2022,1,0,5,,,,,
2022-01-31,moins de 65 ans,2021-2022,1841,853,2022,1,0,5,,,,,
2022-02-01,65 ans et plus,2021-2022,1375,1154,2022,2,1,5,,,,,
2022-02-01,moins de 65 ans,2021-2022,1146,645,2022,2,1,5,,,,,
2022-02-02,65 ans et plus,2021-2022,1001,684,2022,2,2,5,,,,,
2022-02-02,moins de 65 ans,2021-2022,950,463,2022,2,2,5,,,,,
2022-02-03,65 ans et plus,2021-2022,1099,897,2022,2,3,5,,,,,
2022-02-03,moins de 65 ans,2021-2022,851,489,2022,2,3,5,,,,,
2022-02-04,65 ans et plus,2021-2022,1221,843,2022,2,4,5,,,,,
2022-02-04,moins de 65 ans,2021-2022,1145,540,2022,2,4,5,,,,,
2022-02-05,65 ans et plus,2021-2022,556,415,2022,2,5,5,,,,,
2022-02-05,moins de 65 ans,2021-2022,591,276,2022,2,5,5,,,,,
2022-02-06,65 ans et plus,2021-2022,92,46,2022,2,6,5,,,,,
2022-02-06,moins de 65 ans,2021-2022,67,32,2022,2,6,5,,,,,
2022-02-07,65 ans et plus,2021-2022,998,752,2022,2,0,6,,,,,
2022-02-07,moins de 65 ans,2021-2022,953,445,2022,2,0,6,,,,,
2022-02-08,65 ans et plus,2021-2022,852,795,2022,2,1,6,,,,,
2022-02-08,moins de 65 ans,2021-2022,888,526,2022,2,1,6,,,,,
2022-02-09,65 ans et plus,2021-2022,788,690,2022,2,2,6,,,,,
2022-02-09,moins de 65 ans,2021-2022,813,453,2022,2,2,6,,,,,
2022-02-10,65 ans et plus,2021-2022,964,733,2022,2,3,6,,,,,
2022-02-10,moins de 65 ans,2021-2022,911,473,2022,2,3,6,,,,,
2022-02-11,65 ans et plus,2021-2022,958,733,2022,2,4,6,,,,,
2022-02-11,moins de 65 ans,2021-2022,658,360,2022,2,4,6,,,,,
2022-02-12,65 ans et plus,2021-2022,500,328,2022,2,5,6,,,,,
2022-02-12,moins de 65 ans,2021-2022,517,192,2022,2,5,6,,,,,
2022-02-13,65 ans et plus,2021-2022,254,125,2022,2,6,6,,,,,
2022-02-13,moins de 65 ans,2021-2022,48,32,2022,2,6,6,,,,,
2022-02-14,65 ans et plus,2021-2022,654,651,2022,2,0,7,,,,,
2022-02-14,moins de 65 ans,2021-2022,652,397,2022,2,0,7,,,,,
2022-02-15,65 ans et plus,2021-2022,656,643,2022,2,1,7,,,,,
2022-02-15,moins de 65 ans,2021-2022,619,417,2022,2,1,7,,,,,
2022-02-16,65 ans et plus,2021-2022,443,773,2022,2,2,7,,,,,
2022-02-16,moins de 65 ans,2021-2022,644,337,2022,2,2,7,,,,,
2022-02-17,65 ans et plus,2021-2022,706,620,2022,2,3,7,,,,,
2022-02-17,moins de 65 ans,2021-2022,695,419,2022,2,3,7,,,,,
2022-02-18,65 ans et plus,2021-2022,1177,714,2022,2,4,7,,,,,
2022-02-18,moins de 65 ans,2021-2022,737,399,2022,2,4,7,,,,,
2022-02-19,65 ans et plus,2021-2022,538,416,2022,2,5,7,,,,,
2022-02-19,moins de 65 ans,2021-2022,373,235,2022,2,5,7,,,,,
2022-02-20,65 ans et plus,2021-2022,13,45,2022,2,6,7,,,,,
2022-02-20,moins de 65 ans,2021-2022,30,28,2022,2,6,7,,,,,
2022-02-21,65 ans et plus,2021-2022,795,734,2022,2,0,8,,,,,
2022-02-21,moins de 65 ans,2021-2022,662,412,2022,2,0,8,,,,,
2022-02-22,65 ans et plus,2021-2022,752,562,2022,2,1,8,,,,,
2022-02-22,moins de 65 ans,2021-2022,695,363,2022,2,1,8,,,,,
2022-02-23,65 ans et plus,2021-2022,1040,573,2022,2,2,8,,,,,
2022-02-23,moins de 65 ans,2021-2022,733,374,2022,2,2,8,,,,,
2022-02-24,65 ans et plus,2021-2022,675,534,2022,2,3,8,,,,,
2022-02-24,moins de 65 ans,2021-2022,583,319,2022,2,3,8,,,,,
2022-02-25,65 ans et plus,2021-2022,521,652,2022,2,4,8,,,,,
2022-02-25,moins de 65 ans,2021-2022,517,335,2022,2,4,8,,,,,
2022-02-26,65 ans et plus,2021-2022,678,205,2022,2,5,8,,,,,
2022-02-26,moins de 65 ans,2021-2022,265,169,2022,2,5,8,,,,,
2022-02-27,65 ans et plus,2021-2022,72,82,2022,2,6,8,,,,,
2022-02-27,moins de 65 ans,2021-2022,44,21,2022,2,6,8,,,,,
2022-02-28,65 ans et plus,2021-2022,1150,530,2022,2,0,9,,,,,
2022-02-28,moins de 65 ans,2021-2022,736,289,2022,2,0,9,,,,,
2022-10-18,65 ans et plus,2022-2023,555059,149739,2022,10,1,42,,,,,
2022-10-18,moins de 65 ans,2022-2023,119448,37380,2022,10,1,42,,,,,
2022-10-19,65 ans et plus,2022-2023,396041,120484,2022,10,2,42,,,,,
2022-10-19,moins de 65 ans,2022-2023,82064,27396,2022,10,2,42,,,,,
2022-10-20,65 ans et plus,2022-2023,332013,108450,2022,10,3,42,,,,,
2022-10-20,moins de 65 ans,2022-2023,66854,23765,2022,10,3,42,,,,,
2022-10-21,65 ans et plus,2022-2023,284934,109942,2022,10,4,42,,,,,
2022-10-21,moins de 65 ans,2022-2023,65265,24291,2022,10,4,42,,,,,
2022-10-22,65 ans et plus,2022-2023,123654,30803,2022,10,5,42,,,,,
2022-10-22,moins de 65 ans,2022-2023,37333,13179,2022,10,5,42,,,,,
2022-10-23,65 ans et plus,2022-2023,1346,671,2022,10,6,42,,,,,
2022-10-23,moins de 65 ans,2022-2023,573,295,2022,10,6,42,,,,,
2022-10-24,65 ans et plus,2022-2023,224971,81614,2022,10,0,43,,,,,
2022-10-24,moins de 65 ans,2022-2023,51813,19431,2022,10,0,43,,,,,
2022-10-25,65 ans et plus,2022-2023,253772,98327,2022,10,1,43,,,,,
2022-10-25,moins de 65 ans,2022-2023,53815,20340,2022,10,1,43,,,,,
2022-10-26,65 ans et plus,2022-2023,198278,74157,2022,10,2,43,,,,,
2022-10-26,moins de 65 ans,2022-2023,45902,17048,2022,10,2,43,,,,,
2022-10-27,65 ans et plus,2022-2023,185155,69950,2022,10,3,43,,,,,
2022-10-27,moins de 65 ans,2022-2023,42811,16212,2022,10,3,43,,,,,
2022-10-28,65 ans et plus,2022-2023,176185,68039,2022,10,4,43,,,,,
2022-10-28,moins de 65 ans,2022-2023,45227,17827,2022,10,4,43,,,,,
2022-10-29,65 ans et plus,2022-2023,77062,21996,2022,10,5,43,,,,,
2022-10-29,moins de 65 ans,2022-2023,25269,9348,2022,10,5,43,,,,,
2022-10-30,65 ans et plus,2022-2023,748,328,2022,10,6,43,,,,,
2022-10-30,moins de 65 ans,2022-2023,327,150,2022,10,6,43,,,,,
2022-10-31,65 ans et plus,2022-2023,146846,54934,2022,10,0,44,,,,,
2022-10-31,moins de 65 ans,2022-2023,41258,16339,2022,10,0,44,,,,,
2022-11-01,65 ans et plus,2022-2023,1399,590,2022,11,1,44,,,,,
2022-11-01,moins de 65 ans,2022-2023,642,256,2022,11,1,44,,,,,
2022-11-02,65 ans et plus,2022-2023,234277,96597,2022,11,2,44,,,,,
2022-11-02,moins de 65 ans,2022-2023,52257,20145,2022,11,2,44,,,,,
2022-11-03,65 ans et plus,2022-2023,217316,93660,2022,11,3,44,,,,,
2022-11-03,moins de 65 ans,2022-2023,49363,19878,2022,11,3,44,,,,,
2022-11-04,65 ans et plus,2022-2023,219154,97058,2022,11,4,44,,,,,
2022-11-04,moins de 65 ans,2022-2023,54327,23150,2022,11,4,44,,,,,
2022-11-05,65 ans et plus,2022-2023,101129,31409,2022,11,5,44,,,,,
2022-11-05,moins de 65 ans,2022-2023,33848,13019,2022,11,5,44,,,,,
2022-11-06,65 ans et plus,2022-2023,1210,565,2022,11,6,44,,,,,
2022-11-06,moins de 65 ans,2022-2023,542,195,2022,11,6,44,,,,,
2022-11-07,65 ans et plus,2022-2023,237488,112702,2022,11,0,45,,,,,
2022-11-07,moins de 65 ans,2022-2023,54239,22884,2022,11,0,45,,,,,
2022-11-08,65 ans et plus,2022-2023,266081,133561,2022,11,1,45,,,,,
2022-11-08,moins de 65 ans,2022-2023,58301,24760,2022,11,1,45,,,,,
2022-11-09,65 ans et plus,2022-2023,208901,102250,2022,11,2,45,,,,,
2022-11-09,moins de 65 ans,2022-2023,52651,21294,2022,11,2,45,,,,,
2022-11-10,65 ans et plus,2022-2023,230745,116775,2022,11,3,45,,,,,
2022-11-10,moins de 65 ans,2022-2023,58258,26072,2022,11,3,45,,,,,
2022-11-11,65 ans et plus,2022-2023,2327,697,2022,11,4,45,,,,,
2022-11-11,moins de 65 ans,2022-2023,1123,337,2022,11,4,45,,,,,
2022-11-12,65 ans et plus,2022-2023,100344,36594,2022,11,5,45,,,,,
2022-11-12,moins de 65 ans,2022-2023,34557,13823,2022,11,5,45,,,,,
2022-11-13,65 ans et plus,2022-2023,1206,485,2022,11,6,45,,,,,
2022-11-13,moins de 65 ans,2022-2023,508,184,2022,11,6,45,,,,,
2022-11-14,65 ans et plus,2022-2023,213682,113832,2022,11,0,46,,,,,
2022-11-14,moins de 65 ans,2022-2023,53117,22796,2022,11,0,46,,,,,
2022-11-15,65 ans et plus,2022-2023,239387,136849,2022,11,1,46,,,,,
2022-11-15,moins de 65 ans,2022-2023,63544,27923,2022,11,1,46,,,,,
2022-11-16,65 ans et plus,2022-2023,188634,104578,2022,11,2,46,,,,,
2022-11-16,moins de 65 ans,2022-2023,56587,23733,2022,11,2,46,,,,,
2022-11-17,65 ans et plus,2022-2023,178457,102056,2022,11,3,46,,,,,
2022-11-17,moins de 65 ans,2022-2023,52559,23585,2022,11,3,46,,,,,
2022-11-18,65 ans et plus,2022-2023,168857,97862,2022,11,4,46,,,,,
2022-11-18,moins de 65 ans,2022-2023,58462,27578,2022,11,4,46,,,,,
2022-11-19,65 ans et plus,2022-2023,65350,27756,2022,11,5,46,,,,,
2022-11-19,moins de 65 ans,2022-2023,36452,16166,2022,11,5,46,,,,,
2022-11-20,65 ans et plus,2022-2023,973,351,2022,11,6,46,,,,,
2022-11-20,moins de 65 ans,2022-2023,482,192,2022,11,6,46,,,,,
2022-11-21,65 ans et plus,2022-2023,146403,85889,2022,11,0,47,,,,,
2022-11-21,moins de 65 ans,2022-2023,47030,21640,2022,11,0,47,,,,,
2022-11-22,65 ans et plus,2022-2023,178170,108182,2022,11,1,47,,,,,
2022-11-22,moins de 65 ans,2022-2023,51545,23681,2022,11,1,47,,,,,
2022-11-23,65 ans et plus,2022-2023,138213,82683,2022,11,2,47,,,,,
2022-11-23,moins de 65 ans,2022-2023,46684,20843,2022,11,2,47,,,,,
2022-11-24,65 ans et plus,2022-2023,178212,113051,2022,11,3,47,,,,,
2022-11-24,moins de 65 ans,2022-2023,57673,27949,2022,11,3,47,,,,,
2022-11-25,65 ans et plus,2022-2023,164974,105133,2022,11,4,47,,,,,
2022-11-25,moins de 65 ans,2022-2023,63426,32298,2022,11,4,47,,,,,
2022-11-26,65 ans et plus,2022-2023,63169,31500,2022,11,5,47,,,,,
2022-11-26,moins de 65 ans,2022-2023,41678,19859,2022,11,5,47,,,,,
2022-11-27,65 ans et plus,2022-2023,620,356,2022,11,6,47,,,,,
2022-11-27,moins de 65 ans,2022-2023,708,271,2022,11,6,47,,,,,
2022-11-28,65 ans et plus,2022-2023,148720,96937,2022,11,0,48,,,,,
2022-11-28,moins de 65 ans,2022-2023,54561,27370,2022,11,0,48,,,,,
2022-11-29,65 ans et plus,2022-2023,163771,107953,2022,11,1,48,,,,,
2022-11-29,moins de 65 ans,2022-2023,56787,29006,2022,11,1,48,,,,,
2022-11-30,65 ans et plus,2022-2023,148711,96493,2022,11,2,48,,,,,
2022-11-30,moins de 65 ans,2022-2023,62480,31432,2022,11,2,48,,,,,
2022-12-01,65 ans et plus,2022-2023,144823,98508,2022,12,3,48,,,,,
2022-12-01,moins de 65 ans,2022-2023,56161,30236,2022,12,3,48,,,,,
2022-12-02,65 ans et plus,2022-2023,116458,79211,2022,12,4,48,,,,,
2022-12-02,moins de 65 ans,2022-2023,55703,31255,2022,12,4,48,,,,,
2022-12-03,65 ans et plus,2022-2023,51716,28893,2022,12,5,48,,,,,
2022-12-03,moins de 65 ans,2022-2023,40984,21594,2022,12,5,48,,,,,
2022-12-04,65 ans et plus,2022-2023,601,452,2022,12,6,48,,,,,
2022-12-04,moins de 65 ans,2022-2023,788,387,2022,12,6,48,,,,,
2022-12-05,65 ans et plus,2022-2023,104995,70748,2022,12,0,49,,,,,
2022-12-05,moins de 65 ans,2022-2023,47891,26284,2022,12,0,49,,,,,
2022-12-06,65 ans et plus,2022-2023,102454,69332,2022,12,1,49,,,,,
2022-12-06,moins de 65 ans,2022-2023,46135,25114,2022,12,1,49,,,,,
2022-12-07,65 ans et plus,2022-2023,72112,47388,2022,12,2,49,,,,,
2022-12-07,moins de 65 ans,2022-2023,39354,21351,2022,12,2,49,,,,,
2022-12-08,65 ans et plus,2022-2023,68653,44881,2022,12,3,49,,,,,
2022-12-08,moins de 65 ans,2022-2023,37284,20088,2022,12,3,49,,,,,
2022-12-09,65 ans et plus,2022-2023,60906,39396,2022,12,4,49,,,,,
2022-12-09,moins de 65 ans,2022-2023,38786,21879,2022,12,4,49,,,,,
2022-12-10,65 ans et plus,2022-2023,25537,14869,2022,12,5,49,,,,,
2022-12-10,moins de 65 ans,2022-2023,27047,15165,2022,12,5,49,,,,,
2022-12-11,65 ans et plus,2022-2023,374,287,2022,12,6,49,,,,,
2022-12-11,moins de 65 ans,2022-2023,581,327,2022,12,6,49,,,,,
2022-12-12,65 ans et plus,2022-2023,47777,32312,2022,12,0,50,,,,,
2022-12-12,moins de 65 ans,2022-2023,30739,17412,2022,12,0,50,,,,,
2022-12-13,65 ans et plus,2022-2023,48519,33320,2022,12,1,50,,,,,
2022-12-13,moins de 65 ans,2022-2023,29773,17091,2022,12,1,50,,,,,
2022-12-14,65 ans et plus,2022-2023,36454,23880,2022,12,2,50,,,,,
2022-12-14,moins de 65 ans,2022-2023,26030,14236,2022,12,2,50,,,,,
2022-12-15,65 ans et plus,2022-2023,36224,25051,2022,12,3,50,,,,,
2022-12-15,moins de 65 ans,2022-2023,24801,14004,2022,12,3,50,,,,,
2022-12-16,65 ans et plus,2022-2023,34752,24233,2022,12,4,50,,,,,
2022-12-16,moins de 65 ans,2022-2023,26730,15723,2022,12,4,50,,,,,
2022-12-17,65 ans et plus,2022-2023,14441,9059,2022,12,5,50,,,,,
2022-12-17,moins de 65 ans,2022-2023,17386,9576,2022,12,5,50,,,,,
2022-12-18,65 ans et plus,2022-2023,245,195,2022,12,6,50,,,,,
2022-12-18,moins de 65 ans,2022-2023,468,254,2022,12,6,50,,,,,
2022-12-19,65 ans et plus,2022-2023,25503,17325,2022,12,0,51,,,,,
2022-12-19,moins de 65 ans,2022-2023,20664,11937,2022,12,0,51,,,,,
2022-12-20,65 ans et plus,2022-2023,25271,17418,2022,12,1,51,,,,,
2022-12-20,moins de 65 ans,2022-2023,19723,11801,2022,12,1,51,,,,,
2022-12-21,65 ans et plus,2022-2023,20041,13496,2022,12,2,51,,,,,
2022-12-21,moins de 65 ans,2022-2023,17106,9952,2022,12,2,51,,,,,
2022-12-22,65 ans et plus,2022-2023,17867,11721,2022,12,3,51,,,,,
2022-12-22,moins de 65 ans,2022-2023,15903,9220,2022,12,3,51,,,,,
2022-12-23,65 ans et plus,2022-2023,13642,8593,2022,12,4,51,,,,,
2022-12-23,moins de 65 ans,2022-2023,13896,7279,2022,12,4,51,,,,,
2022-12-24,65 ans et plus,2022-2023,4136,2134,2022,12,5,51,,,,,
2022-12-24,moins de 65 ans,2022-2023,5149,2159,2022,12,5,51,,,,,
2022-12-25,65 ans et plus,2022-2023,59,82,2022,12,6,51,,,,,
2022-12-25,moins de 65 ans,2022-2023,140,53,2022,12,6,51,,,,,
2022-12-26,65 ans et plus,2022-2023,10136,6797,2022,12,0,52,,,,,
2022-12-26,moins de 65 ans,2022-2023,10347,6200,2022,12,0,52,,,,,
2022-12-27,65 ans et plus,2022-2023,15384,11008,2022,12,1,52,,,,,
2022-12-27,moins de 65 ans,2022-2023,13009,8080,2022,12,1,52,,,,,
2022-12-28,65 ans et plus,2022-2023,14128,10033,2022,12,2,52,,,,,
2022-12-28,moins de 65 ans,2022-2023,12763,7865,2022,12,2,52,,,,,
2022-12-29,65 ans et plus,2022-2023,18897,13437,2022,12,3,52,,,,,
2022-12-29,moins de 65 ans,2022-2023,17482,10832,2022,12,3,52,,,,,
2022-12-30,65 ans et plus,2022-2023,13018,8934,2022,12,4,52,,,,,
2022-12-30,moins de 65 ans,2022-2023,13799,7824,2022,12,4,52,,,,,
2022-12-31,65 ans et plus,2022-2023,4704,2360,2022,12,5,52,,,,,
2022-12-31,moins de 65 ans,2022-2023,5020,2485,2022,12,5,52,,,,,
2023-01-01,65 ans et plus,2022-2023,39,92,2023,1,6,52,,,,,
2023-01-01,moins de 65 ans,2022-2023,120,59,2023,1,6,52,,,,,
2023-01-02,65 ans et plus,2022-2023,10634,7566,2023,1,0,1,,,,,
2023-01-02,moins de 65 ans,2022-2023,10685,6746,2023,1,0,1,,,,,
2023-01-03,65 ans et plus,2022-2023,13005,9836,2023,1,1,1,,,,,
2023-01-03,moins de 65 ans,2022-2023,10392,6610,2023,1,1,1,,,,,
2023-01-04,65 ans et plus,2022-2023,10910,7703,2023,1,2,1,,,,,
2023-01-04,moins de 65 ans,2022-2023,9081,5673,2023,1,2,1,,,,,
2023-01-05,65 ans et plus,2022-2023,10224,7272,2023,1,3,1,,,,,
2023-01-05,moins de 65 ans,2022-2023,8248,5231,2023,1,3,1,,,,,
2023-01-06,65 ans et plus,2022-2023,9548,6699,2023,1,4,1,,,,,
2023-01-06,moins de 65 ans,2022-2023,8671,5700,2023,1,4,1,,,,,
2023-01-07,65 ans et plus,2022-2023,3701,2444,2023,1,5,1,,,,,
2023-01-07,moins de 65 ans,2022-2023,4923,3002,2023,1,5,1,,,,,
2023-01-08,65 ans et plus,2022-2023,175,61,2023,1,6,1,,,,,
2023-01-08,moins de 65 ans,2022-2023,154,84,2023,1,6,1,,,,,
2023-01-09,65 ans et plus,2022-2023,6352,4665,2023,1,0,2,,,,,
2023-01-09,moins de 65 ans,2022-2023,5939,3550,2023,1,0,2,,,,,
2023-01-10,65 ans et plus,2022-2023,6542,4954,2023,1,1,2,,,,,
2023-01-10,moins de 65 ans,2022-2023,5362,3398,2023,1,1,2,,,,,
2023-01-11,65 ans et plus,2022-2023,5042,3857,2023,1,2,2,,,,,
2023-01-11,moins de 65 ans,2022-2023,4664,2899,2023,1,2,2,,,,,
2023-01-12,65 ans et plus,2022-2023,5037,3900,2023,1,3,2,,,,,
2023-01-12,moins de 65 ans,2022-2023,4402,2637,2023,1,3,2,,,,,
2023-01-13,65 ans et plus,2022-2023,4842,3643,2023,1,4,2,,,,,
2023-01-13,moins de 65 ans,2022-2023,4255,2836,2023,1,4,2,,,,,
2023-01-14,65 ans et plus,2022-2023,2050,1468,2023,1,5,2,,,,,
2023-01-14,moins de 65 ans,2022-2023,2391,1592,2023,1,5,2,,,,,
2023-01-15,65 ans et plus,2022-2023,50,73,2023,1,6,2,,,,,
2023-01-15,moins de 65 ans,2022-2023,120,73,2023,1,6,2,,,,,
2023-01-16,65 ans et plus,2022-2023,3848,2741,2023,1,0,3,,,,,
2023-01-16,moins de 65 ans,2022-2023,3374,2062,2023,1,0,3,,,,,
2023-01-17,65 ans et plus,2022-2023,4050,3094,2023,1,1,3,,,,,
2023-01-17,moins de 65 ans,2022-2023,3467,2207,2023,1,1,3,,,,,
2023-01-18,65 ans et plus,2022-2023,3132,2555,2023,1,2,3,,,,,
2023-01-18,moins de 65 ans,2022-2023,2988,1818,2023,1,2,3,,,,,
2023-01-19,65 ans et plus,2022-2023,2676,2166,2023,1,3,3,,,,,
2023-01-19,moins de 65 ans,2022-2023,2876,1861,2023,1,3,3,,,,,
2023-01-20,65 ans et plus,2022-2023,3199,2086,2023,1,4,3,,,,,
2023-01-20,moins de 65 ans,2022-2023,2661,1858,2023,1,4,3,,,,,
2023-01-21,65 ans et plus,2022-2023,1243,857,2023,1,5,3,,,,,
2023-01-21,moins de 65 ans,2022-2023,1482,1032,2023,1,5,3,,,,,
2023-01-22,65 ans et plus,2022-2023,42,76,2023,1,6,3,,,,,
2023-01-22,moins de 65 ans,2022-2023,89,82,2023,1,6,3,,,,,
2023-01-23,65 ans et plus,2022-2023,2448,2010,2023,1,0,4,,,,,
2023-01-23,moins de 65 ans,2022-2023,2223,1432,2023,1,0,4,,,,,
2023-01-24,65 ans et plus,2022-2023,2675,2177,2023,1,1,4,,,,,
2023-01-24,moins de 65 ans,2022-2023,2383,1473,2023,1,1,4,,,,,
2023-01-25,65 ans et plus,2022-2023,2342,1611,2023,1,2,4,,,,,
2023-01-25,moins de 65 ans,2022-2023,1914,1207,2023,1,2,4,,,,,
2023-01-26,65 ans et plus,2022-2023,2354,1612,2023,1,3,4,,,,,
2023-01-26,moins de 65 ans,2022-2023,1997,1258,2023,1,3,4,,,,,
2023-01-27,65 ans et plus,2022-2023,2730,1745,2023,1,4,4,,,,,
2023-01-27,moins de 65 ans,2022-2023,2230,1258,2023,1,4,4,,,,,
2023-01-28,65 ans et plus,2022-2023,1123,754,2023,1,5,4,,,,,
2023-01-28,moins de 65 ans,2022-2023,1189,742,2023,1,5,4,,,,,
2023-01-29,65 ans et plus,2022-2023,84,88,2023,1,6,4,,,,,
2023-01-29,moins de 65 ans,2022-2023,54,30,2023,1,6,4,,,,,
2023-01-30,65 ans et plus,2022-2023,2401,1654,2023,1,0,5,,,,,
2023-01-30,moins de 65 ans,2022-2023,1903,1219,2023,1,0,5,,,,,
2023-01-31,65 ans et plus,2022-2023,2441,1830,2023,1,1,5,,,,,
2023-01-31,moins de 65 ans,2022-2023,2076,1231,2023,1,1,5,,,,,
2023-02-01,65 ans et plus,2022-2023,800,682,2023,2,2,5,,,,,
2023-02-01,moins de 65 ans,2022-2023,1215,713,2023,2,2,5,,,,,
2023-02-02,65 ans et plus,2022-2023,1226,689,2023,2,3,5,,,,,
2023-02-02,moins de 65 ans,2022-2023,996,637,2023,2,3,5,,,,,
2023-02-03,65 ans et plus,2022-2023,765,659,2023,2,4,5,,,,,
2023-02-03,moins de 65 ans,2022-2023,1007,620,2023,2,4,5,,,,,
2023-02-04,65 ans et plus,2022-2023,461,252,2023,2,5,5,,,,,
2023-02-04,moins de 65 ans,2022-2023,498,297,2023,2,5,5,,,,,
2023-02-05,65 ans et plus,2022-2023,31,14,2023,2,6,5,,,,,
2023-02-05,moins de 65 ans,2022-2023,24,21,2023,2,6,5,,,,,
2023-02-06,65 ans et plus,2022-2023,423,508,2023,2,0,6,,,,,
2023-02-06,moins de 65 ans,2022-2023,798,521,2023,2,0,6,,,,,
2023-02-07,65 ans et plus,2022-2023,566,505,2023,2,1,6,,,,,
2023-02-07,moins de 65 ans,2022-2023,787,483,2023,2,1,6,,,,,
2023-02-08,65 ans et plus,2022-2023,485,450,2023,2,2,6,,,,,
2023-02-08,moins de 65 ans,2022-2023,689,437,2023,2,2,6,,,,,
2023-02-09,65 ans et plus,2022-2023,504,575,2023,2,3,6,,,,,
2023-02-09,moins de 65 ans,2022-2023,817,535,2023,2,3,6,,,,,
2023-02-10,65 ans et plus,2022-2023,562,563,2023,2,4,6,,,,,
2023-02-10,moins de 65 ans,2022-2023,728,506,2023,2,4,6,,,,,
2023-02-11,65 ans et plus,2022-2023,310,277,2023,2,5,6,,,,,
2023-02-11,moins de 65 ans,2022-2023,445,284,2023,2,5,6,,,,,
2023-02-12,65 ans et plus,2022-2023,2,17,2023,2,6,6,,,,,
2023-02-12,moins de 65 ans,2022-2023,8,8,2023,2,6,6,,,,,
2023-02-13,65 ans et plus,2022-2023,377,484,2023,2,0,7,,,,,
2023-02-13,moins de 65 ans,2022-2023,578,467,2023,2,0,7,,,,,
2023-02-14,65 ans et plus,2022-2023,314,412,2023,2,1,7,,,,,
2023-02-14,moins de 65 ans,2022-2023,532,382,2023,2,1,7,,,,,
2023-02-15,65 ans et plus,2022-2023,225,444,2023,2,2,7,,,,,
2023-02-15,moins de 65 ans,2022-2023,510,398,2023,2,2,7,,,,,
2023-02-16,65 ans et plus,2022-2023,300,383,2023,2,3,7,,,,,
2023-02-16,moins de 65 ans,2022-2023,561,320,2023,2,3,7,,,,,
2023-02-17,65 ans et plus,2022-2023,412,287,2023,2,4,7,,,,,
2023-02-17,moins de 65 ans,2022-2023,517,361,2023,2,4,7,,,,,
2023-02-18,65 ans et plus,2022-2023,190,221,2023,2,5,7,,,,,
2023-02-18,moins de 65 ans,2022-2023,305,203,2023,2,5,7,,,,,
2023-02-19,65 ans et plus,2022-2023,23,26,2023,2,6,7,,,,,
2023-02-19,moins de 65 ans,2022-2023,16,18,2023,2,6,7,,,,,
2023-02-20,65 ans et plus,2022-2023,234,418,2023,2,0,8,,,,,
2023-02-20,moins de 65 ans,2022-2023,363,307,2023,2,0,8,,,,,
2023-02-21,65 ans et plus,2022-2023,207,321,2023,2,1,8,,,,,
2023-02-21,moins de 65 ans,2022-2023,392,323,2023,2,1,8,,,,,
2023-02-22,65 ans et plus,2022-2023,329,301,2023,2,2,8,,,,,
2023-02-22,moins de 65 ans,2022-2023,416,314,2023,2,2,8,,,,,
2023-02-23,65 ans et plus,2022-2023,290,367,2023,2,3,8,,,,,
2023-02-23,moins de 65 ans,2022-2023,500,330,2023,2,3,8,,,,,
2023-02-24,65 ans et plus,2022-2023,403,270,2023,2,4,8,,,,,
2023-02-24,moins de 65 ans,2022-2023,411,292,2023,2,4,8,,,,,
2023-02-25,65 ans et plus,2022-2023,131,145,2023,2,5,8,,,,,
2023-02-25,moins de 65 ans,2022-2023,273,175,2023,2,5,8,,,,,
2023-02-26,65 ans et plus,2022-2023,9,7,2023,2,6,8,,,,,
2023-02-26,moins de 65 ans,2022-2023,28,15,2023,2,6,8,,,,,
2023-02-27,65 ans et plus,2022-2023,259,344,2023,2,0,9,,,,,
2023-02-27,moins de 65 ans,2022-2023,409,291,2023,2,0,9,,,,,
2023-02-28,65 ans et plus,2022-2023,354,361,2023,2,1,9,11219443.0,5373898.0,20834.0,16766.0,81.0
2023-02-28,moins de 65 ans,2022-2023,411,329,2023,2,1,9,11219443.0,5373898.0,20834.0,16766.0,81.0
2023-10-17,65 ans et plus,2023-2024,460513,165358,2023,10,1,42,,,,,
2023-10-17,moins de 65 ans,2023-2024,109899,45120,2023,10,1,42,,,,,
2023-10-18,65 ans et plus,2023-2024,315498,120833,2023,10,2,42,,,,,
2023-10-18,moins de 65 ans,2023-2024,77909,33324,2023,10,2,42,,,,,
2023-10-19,65 ans et plus,2023-2024,300589,126152,2023,10,3,42,,,,,
2023-10-19,moins de 65 ans,2023-2024,70954,32594,2023,10,3,42,,,,,
2023-10-20,65 ans et plus,2023-2024,255531,112963,2023,10,4,42,,,,,
2023-10-20,moins de 65 ans,2023-2024,70718,34831,2023,10,4,42,,,,,
2023-10-21,65 ans et plus,2023-2024,103700,32658,2023,10,5,42,,,,,
2023-10-21,moins de 65 ans,2023-2024,40878,18330,2023,10,5,42,,,,,
2023-10-22,65 ans et plus,2023-2024,1493,265,2023,10,6,42,,,,,
2023-10-22,moins de 65 ans,2023-2024,435,212,2023,10,6,42,,,,,
2023-10-23,65 ans et plus,2023-2024,218232,97705,2023,10,0,43,,,,,
2023-10-23,moins de 65 ans,2023-2024,59534,27917,2023,10,0,43,,,,,
2023-10-24,65 ans et plus,2023-2024,252434,119787,2023,10,1,43,,,,,
2023-10-24,moins de 65 ans,2023-2024,62660,30503,2023,10,1,43,,,,,
2023-10-25,65 ans et plus,2023-2024,200503,90320,2023,10,2,43,,,,,
2023-10-25,moins de 65 ans,2023-2024,53089,24523,2023,10,2,43,,,,,
2023-10-26,65 ans et plus,2023-2024,195061,92667,2023,10,3,43,,,,,
2023-10-26,moins de 65 ans,2023-2024,52435,25280,2023,10,3,43,,,,,
2023-10-27,65 ans et plus,2023-2024,190841,91062,2023,10,4,43,,,,,
2023-10-27,moins de 65 ans,2023-2024,56153,28542,2023,10,4,43,,,,,
2023-10-28,65 ans et plus,2023-2024,77933,26060,2023,10,5,43,,,,,
2023-10-28,moins de 65 ans,2023-2024,31992,14513,2023,10,5,43,,,,,
2023-10-29,65 ans et plus,2023-2024,1137,326,2023,10,6,43,,,,,
2023-10-29,moins de 65 ans,2023-2024,488,194,2023,10,6,43,,,,,
2023-10-30,65 ans et plus,2023-2024,183332,85891,2023,10,0,44,,,,,
2023-10-30,moins de 65 ans,2023-2024,54468,26453,2023,10,0,44,,,,,
2023-10-31,65 ans et plus,2023-2024,218565,105785,2023,10,1,44,,,,,
2023-10-31,moins de 65 ans,2023-2024,60440,29422,2023,10,1,44,,,,,
2023-11-01,65 ans et plus,2023-2024,1820,739,2023,11,2,44,,,,,
2023-11-01,moins de 65 ans,2023-2024,835,371,2023,11,2,44,,,,,
2023-11-02,65 ans et plus,2023-2024,184810,89474,2023,11,3,44,,,,,
2023-11-02,moins de 65 ans,2023-2024,55418,27031,2023,11,3,44,,,,,
2023-11-03,65 ans et plus,2023-2024,219545,111818,2023,11,4,44,,,,,
2023-11-03,moins de 65 ans,2023-2024,64035,33956,2023,11,4,44,,,,,
2023-11-04,65 ans et plus,2023-2024,81605,30535,2023,11,5,44,,,,,
2023-11-04,moins de 65 ans,2023-2024,35082,16694,2023,11,5,44,,,,,
2023-11-05,65 ans et plus,2023-2024,839,293,2023,11,6,44,,,,,
2023-11-05,moins de 65 ans,2023-2024,402,221,2023,11,6,44,,,,,
2023-11-06,65 ans et plus,2023-2024,235083,124365,2023,11,0,45,,,,,
2023-11-06,moins de 65 ans,2023-2024,58802,28976,2023,11,0,45,,,,,
2023-11-07,65 ans et plus,2023-2024,271855,150665,2023,11,1,45,,,,,
2023-11-07,moins de 65 ans,2023-2024,62519,31647,2023,11,1,45,,,,,
2023-11-08,65 ans et plus,2023-2024,210263,113110,2023,11,2,45,,,,,
2023-11-08,moins de 65 ans,2023-2024,55074,26937,2023,11,2,45,,,,,
2023-11-09,65 ans et plus,2023-2024,215236,121136,2023,11,3,45,,,,,
2023-11-09,moins de 65 ans,2023-2024,54757,27719,2023,11,3,45,,,,,
2023-11-10,65 ans et plus,2023-2024,212245,118375,2023,11,4,45,,,,,
2023-11-10,moins de 65 ans,2023-2024,64124,34555,2023,11,4,45,,,,,
2023-11-11,65 ans et plus,2023-2024,2578,858,2023,11,5,45,,,,,
2023-11-11,moins de 65 ans,2023-2024,1673,628,2023,11,5,45,,,,,
2023-11-12,65 ans et plus,2023-2024,776,288,2023,11,6,45,,,,,
2023-11-12,moins de 65 ans,2023-2024,540,174,2023,11,6,45,,,,,
2023-11-13,65 ans et plus,2023-2024,214073,118954,2023,11,0,46,,,,,
2023-11-13,moins de 65 ans,2023-2024,56686,28483,2023,11,0,46,,,,,
2023-11-14,65 ans et plus,2023-2024,235527,142255,2023,11,1,46,,,,,
2023-11-14,moins de 65 ans,2023-2024,57133,29755,2023,11,1,46,,,,,
2023-11-15,65 ans et plus,2023-2024,186627,111556,2023,11,2,46,,,,,
2023-11-15,moins de 65 ans,2023-2024,51264,26722,2023,11,2,46,,,,,
2023-11-16,65 ans et plus,2023-2024,169419,103550,2023,11,3,46,,,,,
2023-11-16,moins de 65 ans,2023-2024,45106,23903,2023,11,3,46,,,,,
2023-11-17,65 ans et plus,2023-2024,164936,102840,2023,11,4,46,,,,,
2023-11-17,moins de 65 ans,2023-2024,52249,29866,2023,11,4,46,,,,,
2023-11-18,65 ans et plus,2023-2024,55835,26647,2023,11,5,46,,,,,
2023-11-18,moins de 65 ans,2023-2024,31942,17214,2023,11,5,46,,,,,
2023-11-19,65 ans et plus,2023-2024,608,211,2023,11,6,46,,,,,
2023-11-19,moins de 65 ans,2023-2024,443,163,2023,11,6,46,,,,,
2023-11-20,65 ans et plus,2023-2024,148910,95141,2023,11,0,47,,,,,
2023-11-20,moins de 65 ans,2023-2024,43661,23549,2023,11,0,47,,,,,
2023-11-21,65 ans et plus,2023-2024,165047,107664,2023,11,1,47,,,,,
2023-11-21,moins de 65 ans,2023-2024,44373,24741,2023,11,1,47,,,,,
2023-11-22,65 ans et plus,2023-2024,123742,78683,2023,11,2,47,,,,,
2023-11-22,moins de 65 ans,2023-2024,39395,21286,2023,11,2,47,,,,,
2023-11-23,65 ans et plus,2023-2024,125475,80829,2023,11,3,47,,,,,
2023-11-23,moins de 65 ans,2023-2024,37328,20648,2023,11,3,47,,,,,
2023-11-24,65 ans et plus,2023-2024,120489,78890,2023,11,4,47,,,,,
2023-11-24,moins de 65 ans,2023-2024,42706,25275,2023,11,4,47,,,,,
2023-11-25,65 ans et plus,2023-2024,42430,21630,2023,11,5,47,,,,,
2023-11-25,moins de 65 ans,2023-2024,25784,14107,2023,11,5,47,,,,,
2023-11-26,65 ans et plus,2023-2024,373,145,2023,11,6,47,,,,,
2023-11-26,moins de 65 ans,2023-2024,340,169,2023,11,6,47,,,,,
2023-11-27,65 ans et plus,2023-2024,105969,69847,2023,11,0,48,,,,,
2023-11-27,moins de 65 ans,2023-2024,34569,18791,2023,11,0,48,,,,,
2023-11-28,65 ans et plus,2023-2024,122574,83264,2023,11,1,48,,,,,
2023-11-28,moins de 65 ans,2023-2024,36585,20484,2023,11,1,48,,,,,
2023-11-29,65 ans et plus,2023-2024,93716,60762,2023,11,2,48,,,,,
2023-11-29,moins de 65 ans,2023-2024,33570,18143,2023,11,2,48,,,,,
2023-11-30,65 ans et plus,2023-2024,94177,63289,2023,11,3,48,,,,,
2023-11-30,moins de 65 ans,2023-2024,31418,17375,2023,11,3,48,,,,,
2023-12-01,65 ans et plus,2023-2024,91116,62594,2023,12,4,48,,,,,
2023-12-01,moins de 65 ans,2023-2024,35154,21350,2023,12,4,48,,,,,
2023-12-02,65 ans et plus,2023-2024,32141,18175,2023,12,5,48,,,,,
2023-12-02,moins de 65 ans,2023-2024,21756,12480,2023,12,5,48,,,,,
2023-12-03,65 ans et plus,2023-2024,351,151,2023,12,6,48,,,,,
2023-12-03,moins de 65 ans,2023-2024,353,183,2023,12,6,48,,,,,
2023-12-04,65 ans et plus,2023-2024,76705,52991,2023,12,0,49,,,,,
2023-12-04,moins de 65 ans,2023-2024,27687,16318,2023,12,0,49,,,,,
2023-12-05,65 ans et plus,2023-2024,90360,63320,2023,12,1,49,,,,,
2023-12-05,moins de 65 ans,2023-2024,29270,17137,2023,12,1,49,,,,,
2023-12-06,65 ans et plus,2023-2024,69153,46721,2023,12,2,49,,,,,
2023-12-06,moins de 65 ans,2023-2024,26224,14921,2023,12,2,49,,,,,
2023-12-07,65 ans et plus,2023-2024,74786,51810,2023,12,3,49,,,,,
2023-12-07,moins de 65 ans,2023-2024,26524,15986,2023,12,3,49,,,,,
2023-12-08,65 ans et plus,2023-2024,70281,50129,2023,12,4,49,,,,,
2023-12-08,moins de 65 ans,2023-2024,29992,18755,2023,12,4,49,,,,,
2023-12-09,65 ans et plus,2023-2024,22842,13277,2023,12,5,49,,,,,
2023-12-09,moins de 65 ans,2023-2024,17685,10188,2023,12,5,49,,,,,
2023-12-10,65 ans et plus,2023-2024,192,119,2023,12,6,49,,,,,
2023-12-10,moins de 65 ans,2023-2024,355,174,2023,12,6,49,,,,,
2023-12-11,65 ans et plus,2023-2024,58286,40992,2023,12,0,50,,,,,
2023-12-11,moins de 65 ans,2023-2024,23224,14081,2023,12,0,50,,,,,
2023-12-12,65 ans et plus,2023-2024,60320,43464,2023,12,1,50,,,,,
2023-12-12,moins de 65 ans,2023-2024,22916,14349,2023,12,1,50,,,,,
2023-12-13,65 ans et plus,2023-2024,46069,32619,2023,12,2,50,,,,,
2023-12-13,moins de 65 ans,2023-2024,20515,12203,2023,12,2,50,,,,,
2023-12-14,65 ans et plus,2023-2024,53286,37864,2023,12,3,50,,,,,
2023-12-14,moins de 65 ans,2023-2024,21688,13292,2023,12,3,50,,,,,
2023-12-15,65 ans et plus,2023-2024,50499,36273,2023,12,4,50,,,,,
2023-12-15,moins de 65 ans,2023-2024,23877,15482,2023,12,4,50,,,,,
2023-12-16,65 ans et plus,2023-2024,18144,11619,2023,12,5,50,,,,,
2023-12-16,moins de 65 ans,2023-2024,14506,9035,2023,12,5,50,,,,,
2023-12-17,65 ans et plus,2023-2024,200,145,2023,12,6,50,,,,,
2023-12-17,moins de 65 ans,2023-2024,333,140,2023,12,6,50,,,,,
2023-12-18,65 ans et plus,2023-2024,37720,27432,2023,12,0,51,,,,,
2023-12-18,moins de 65 ans,2023-2024,18296,11618,2023,12,0,51,,,,,
2023-12-19,65 ans et plus,2023-2024,38774,27983,2023,12,1,51,,,,,
2023-12-19,moins de 65 ans,2023-2024,17797,11355,2023,12,1,51,,,,,
2023-12-20,65 ans et plus,2023-2024,25972,17798,2023,12,2,51,,,,,
2023-12-20,moins de 65 ans,2023-2024,14240,8780,2023,12,2,51,,,,,
2023-12-21,65 ans et plus,2023-2024,23821,16079,2023,12,3,51,,,,,
2023-12-21,moins de 65 ans,2023-2024,13035,7939,2023,12,3,51,,,,,
2023-12-22,65 ans et plus,2023-2024,19936,13489,2023,12,4,51,,,,,
2023-12-22,moins de 65 ans,2023-2024,12828,7933,2023,12,4,51,,,,,
2023-12-23,65 ans et plus,2023-2024,6571,3590,2023,12,5,51,,,,,
2023-12-23,moins de 65 ans,2023-2024,6206,3215,2023,12,5,51,,,,,
2023-12-24,65 ans et plus,2023-2024,66,34,2023,12,6,51,,,,,
2023-12-24,moins de 65 ans,2023-2024,104,32,2023,12,6,51,,,,,
2023-12-25,65 ans et plus,2023-2024,56,39,2023,12,0,52,,,,,
2023-12-25,moins de 65 ans,2023-2024,66,33,2023,12,0,52,,,,,
2023-12-26,65 ans et plus,2023-2024,11661,7874,2023,12,1,52,,,,,
2023-12-26,moins de 65 ans,2023-2024,7761,4640,2023,12,1,52,,,,,
2023-12-27,65 ans et plus,2023-2024,12304,8479,2023,12,2,52,,,,,
2023-12-27,moins de 65 ans,2023-2024,8234,4951,2023,12,2,52,,,,,
2023-12-28,65 ans et plus,2023-2024,13389,9561,2023,12,3,52,,,,,
2023-12-28,moins de 65 ans,2023-2024,8499,5231,2023,12,3,52,,,,,
2023-12-29,65 ans et plus,2023-2024,13621,9193,2023,12,4,52,,,,,
2023-12-29,moins de 65 ans,2023-2024,8973,5532,2023,12,4,52,,,,,
2023-12-30,65 ans et plus,2023-2024,5778,3584,2023,12,5,52,,,,,
2023-12-30,moins de 65 ans,2023-2024,4963,2757,2023,12,5,52,,,,,
2023-12-31,65 ans et plus,2023-2024,96,35,2023,12,6,52,,,,,
2023-12-31,moins de 65 ans,2023-2024,119,23,2023,12,6,52,,,,,
2024-01-01,65 ans et plus,2023-2024,35,30,2024,1,0,1,,,,,
2024-01-01,moins de 65 ans,2023-2024,63,19,2024,1,0,1,,,,,
2024-01-02,65 ans et plus,2023-2024,12836,9180,2024,1,1,1,,,,,
2024-01-02,moins de 65 ans,2023-2024,7262,4597,2024,1,1,1,,,,,
2024-01-03,65 ans et plus,2023-2024,13066,9448,2024,1,2,1,,,,,
2024-01-03,moins de 65 ans,2023-2024,6709,4236,2024,1,2,1,,,,,
2024-01-04,65 ans et plus,2023-2024,13780,9815,2024,1,3,1,,,,,
2024-01-04,moins de 65 ans,2023-2024,6760,4293,2024,1,3,1,,,,,
2024-01-05,65 ans et plus,2023-2024,14155,10500,2024,1,4,1,,,,,
2024-01-05,moins de 65 ans,2023-2024,8051,5440,2024,1,4,1,,,,,
2024-01-06,65 ans et plus,2023-2024,6702,4356,2024,1,5,1,,,,,
2024-01-06,moins de 65 ans,2023-2024,4933,3228,2024,1,5,1,,,,,
2024-01-07,65 ans et plus,2023-2024,220,57,2024,1,6,1,,,,,
2024-01-07,moins de 65 ans,2023-2024,133,42,2024,1,6,1,,,,,
2024-01-08,65 ans et plus,2023-2024,12153,9058,2024,1,0,2,,,,,
2024-01-08,moins de 65 ans,2023-2024,6272,4029,2024,1,0,2,,,,,
2024-01-09,65 ans et plus,2023-2024,11764,8667,2024,1,1,2,,,,,
2024-01-09,moins de 65 ans,2023-2024,5793,3647,2024,1,1,2,,,,,
2024-01-10,65 ans et plus,2023-2024,8795,6011,2024,1,2,2,,,,,
2024-01-10,moins de 65 ans,2023-2024,5197,2958,2024,1,2,2,,,,,
2024-01-11,65 ans et plus,2023-2024,9735,6830,2024,1,3,2,,,,,
2024-01-11,moins de 65 ans,2023-2024,4898,3159,2024,1,3,2,,,,,
2024-01-12,65 ans et plus,2023-2024,9423,6958,2024,1,4,2,,,,,
2024-01-12,moins de 65 ans,2023-2024,5392,3573,2024,1,4,2,,,,,
2024-01-13,65 ans et plus,2023-2024,4108,2609,2024,1,5,2,,,,,
2024-01-13,moins de 65 ans,2023-2024,3580,2386,2024,1,5,2,,,,,
2024-01-14,65 ans et plus,2023-2024,55,27,2024,1,6,2,,,,,
2024-01-14,moins de 65 ans,2023-2024,78,35,2024,1,6,2,,,,,
2024-01-15,65 ans et plus,2023-2024,7018,4770,2024,1,0,3,,,,,
2024-01-15,moins de 65 ans,2023-2024,4128,2499,2024,1,0,3,,,,,
2024-01-16,65 ans et plus,2023-2024,7703,5694,2024,1,1,3,,,,,
2024-01-16,moins de 65 ans,2023-2024,3854,2407,2024,1,1,3,,,,,
2024-01-17,65 ans et plus,2023-2024,4637,3443,2024,1,2,3,,,,,
2024-01-17,moins de 65 ans,2023-2024,3037,1824,2024,1,2,3,,,,,
2024-01-18,65 ans et plus,2023-2024,4673,3417,2024,1,3,3,,,,,
2024-01-18,moins de 65 ans,2023-2024,2971,1822,2024,1,3,3,,,,,
2024-01-19,65 ans et plus,2023-2024,4802,3382,2024,1,4,3,,,,,
2024-01-19,moins de 65 ans,2023-2024,3102,2012,2024,1,4,3,,,,,
2024-01-20,65 ans et plus,2023-2024,1780,1177,2024,1,5,3,,,,,
2024-01-20,moins de 65 ans,2023-2024,1922,1301,2024,1,5,3,,,,,
2024-01-21,65 ans et plus,2023-2024,21,8,2024,1,6,3,,,,,
2024-01-21,moins de 65 ans,2023-2024,54,27,2024,1,6,3,,,,,
2024-01-22,65 ans et plus,2023-2024,3915,2825,2024,1,0,4,,,,,
2024-01-22,moins de 65 ans,2023-2024,2918,1658,2024,1,0,4,,,,,
2024-01-23,65 ans et plus,2023-2024,4802,3331,2024,1,1,4,,,,,
2024-01-23,moins de 65 ans,2023-2024,2713,1699,2024,1,1,4,,,,,
2024-01-24,65 ans et plus,2023-2024,3884,2583,2024,1,2,4,,,,,
2024-01-24,moins de 65 ans,2023-2024,2561,1489,2024,1,2,4,,,,,
2024-01-25,65 ans et plus,2023-2024,3912,2665,2024,1,3,4,,,,,
2024-01-25,moins de 65 ans,2023-2024,2108,1385,2024,1,3,4,,,,,
2024-01-26,65 ans et plus,2023-2024,3615,2466,2024,1,4,4,,,,,
2024-01-26,moins de 65 ans,2023-2024,2648,1615,2024,1,4,4,,,,,
2024-01-27,65 ans et plus,2023-2024,1711,1092,2024,1,5,4,,,,,
2024-01-27,moins de 65 ans,2023-2024,1764,999,2024,1,5,4,,,,,
2024-01-28,65 ans et plus,2023-2024,68,24,2024,1,6,4,,,,,
2024-01-28,moins de 65 ans,2023-2024,36,9,2024,1,6,4,,,,,
2024-01-29,65 ans et plus,2023-2024,3727,2569,2024,1,0,5,,,,,
2024-01-29,moins de 65 ans,2023-2024,2348,1387,2024,1,0,5,,,,,
2024-01-30,65 ans et plus,2023-2024,3404,2651,2024,1,1,5,,,,,
2024-01-30,moins de 65 ans,2023-2024,2489,1464,2024,1,1,5,,,,,
2024-01-31,65 ans et plus,2023-2024,3064,2234,2024,1,2,5,,,,,
2024-01-31,moins de 65 ans,2023-2024,2304,1485,2024,1,2,5,,,,,
2024-02-01,65 ans et plus,2023-2024,1543,1361,2024,2,3,5,,,,,
2024-02-01,moins de 65 ans,2023-2024,1433,901,2024,2,3,5,,,,,
2024-02-02,65 ans et plus,2023-2024,1995,1613,2024,2,4,5,,,,,
2024-02-02,moins de 65 ans,2023-2024,1752,1124,2024,2,4,5,,,,,
2024-02-03,65 ans et plus,2023-2024,1033,652,2024,2,5,5,,,,,
2024-02-03,moins de 65 ans,2023-2024,1193,797,2024,2,5,5,,,,,
2024-02-04,65 ans et plus,2023-2024,28,16,2024,2,6,5,,,,,
2024-02-04,moins de 65 ans,2023-2024,49,6,2024,2,6,5,,,,,
2024-02-05,65 ans et plus,2023-2024,1563,1173,2024,2,0,6,,,,,
2024-02-05,moins de 65 ans,2023-2024,1401,858,2024,2,0,6,,,,,
2024-02-06,65 ans et plus,2023-2024,1305,1121,2024,2,1,6,,,,,
2024-02-06,moins de 65 ans,2023-2024,1210,742,2024,2,1,6,,,,,
2024-02-07,65 ans et plus,2023-2024,875,701,2024,2,2,6,,,,,
2024-02-07,moins de 65 ans,2023-2024,1111,725,2024,2,2,6,,,,,
2024-02-08,65 ans et plus,2023-2024,1176,898,2024,2,3,6,,,,,
2024-02-08,moins de 65 ans,2023-2024,1076,707,2024,2,3,6,,,,,
2024-02-09,65 ans et plus,2023-2024,898,775,2024,2,4,6,,,,,
2024-02-09,moins de 65 ans,2023-2024,988,649,2024,2,4,6,,,,,
2024-02-10,65 ans et plus,2023-2024,372,272,2024,2,5,6,,,,,
2024-02-10,moins de 65 ans,2023-2024,642,410,2024,2,5,6,,,,,
2024-02-11,65 ans et plus,2023-2024,14,21,2024,2,6,6,,,,,
2024-02-11,moins de 65 ans,2023-2024,18,10,2024,2,6,6,,,,,
2024-02-12,65 ans et plus,2023-2024,576,531,2024,2,0,7,,,,,
2024-02-12,moins de 65 ans,2023-2024,762,556,2024,2,0,7,,,,,
2024-02-13,65 ans et plus,2023-2024,649,534,2024,2,1,7,,,,,
2024-02-13,moins de 65 ans,2023-2024,787,495,2024,2,1,7,,,,,
2024-02-14,65 ans et plus,2023-2024,416,400,2024,2,2,7,,,,,
2024-02-14,moins de 65 ans,2023-2024,692,422,2024,2,2,7,,,,,
2024-02-15,65 ans et plus,2023-2024,550,429,2024,2,3,7,,,,,
2024-02-15,moins de 65 ans,2023-2024,584,432,2024,2,3,7,,,,,
2024-02-16,65 ans et plus,2023-2024,379,393,2024,2,4,7,,,,,
2024-02-16,moins de 65 ans,2023-2024,643,443,2024,2,4,7,,,,,
2024-02-17,65 ans et plus,2023-2024,208,185,2024,2,5,7,,,,,
2024-02-17,moins de 65 ans,2023-2024,401,246,2024,2,5,7,,,,,
2024-02-18,65 ans et plus,2023-2024,4,9,2024,2,6,7,,,,,
2024-02-18,moins de 65 ans,2023-2024,2,9,2024,2,6,7,,,,,
2024-02-19,65 ans et plus,2023-2024,374,404,2024,2,0,8,,,,,
2024-02-19,moins de 65 ans,2023-2024,513,377,2024,2,0,8,,,,,
2024-02-20,65 ans et plus,2023-2024,420,416,2024,2,1,8,,,,,
2024-02-20,moins de 65 ans,2023-2024,575,360,2024,2,1,8,,,,,
2024-02-21,65 ans et plus,2023-2024,283,305,2024,2,2,8,,,,,
2024-02-21,moins de 65 ans,2023-2024,528,305,2024,2,2,8,,,,,
2024-02-22,65 ans et plus,2023-2024,381,294,2024,2,3,8,,,,,
2024-02-22,moins de 65 ans,2023-2024,441,267,2024,2,3,8,,,,,
2024-02-23,65 ans et plus,2023-2024,374,308,2024,2,4,8,,,,,
2024-02-23,moins de 65 ans,2023-2024,472,316,2024,2,4,8,,,,,
2024-02-24,65 ans et plus,2023-2024,144,103,2024,2,5,8,,,,,
2024-02-24,moins de 65 ans,2023-2024,306,211,2024,2,5,8,,,,,
2024-02-25,65 ans et plus,2023-2024,6,5,2024,2,6,8,,,,,
2024-02-25,moins de 65 ans,2023-2024,7,8,2024,2,6,8,,,,,
2024-02-26,65 ans et plus,2023-2024,253,270,2024,2,0,9,,,,,
2024-02-26,moins de 65 ans,2023-2024,374,283,2024,2,0,9,,,,,
2024-02-27,65 ans et plus,2023-2024,323,320,2024,2,1,9,,,,,
2024-02-27,moins de 65 ans,2023-2024,405,292,2024,2,1,9,,,,,
2024-02-28,65 ans et plus,2023-2024,334,261,2024,2,2,9,10510433.0,5645127.0,20585.0,16946.0,83.0
2024-02-28,moins de 65 ans,2023-2024,467,278,2024,2,2,9,10510433.0,5645127.0,20585.0,16946.0,83.0
2024-10-15,65 ans et plus,2024-2025,341944,146334,2024,10,1,42,,,,,
2024-10-15,moins de 65 ans,2024-2025,91436,44589,2024,10,1,42,,,,,
2024-10-16,65 ans et plus,2024-2025,255443,115083,2024,10,2,42,,,,,
2024-10-16,moins de 65 ans,2024-2025,69248,34347,2024,10,2,42,,,,,
2024-10-17,65 ans et plus,2024-2025,233798,110854,2024,10,3,42,,,,,
2024-10-17,moins de 65 ans,2024-2025,58682,30414,2024,10,3,42,,,,,
2024-10-18,65 ans et plus,2024-2025,224778,109709,2024,10,4,42,,,,,
2024-10-18,moins de 65 ans,2024-2025,62795,34582,2024,10,4,42,,,,,
2024-10-19,65 ans et plus,2024-2025,86732,31866,2024,10,5,42,,,,,
2024-10-19,moins de 65 ans,2024-2025,37235,19072,2024,10,5,42,,,,,
2024-10-20,65 ans et plus,2024-2025,1551,396,2024,10,6,42,,,,,
2024-10-20,moins de 65 ans,2024-2025,559,250,2024,10,6,42,,,,,
2024-10-21,65 ans et plus,2024-2025,197652,98966,2024,10,0,43,,,,,
2024-10-21,moins de 65 ans,2024-2025,53840,28323,2024,10,0,43,,,,,
2024-10-22,65 ans et plus,2024-2025,230897,121847,2024,10,1,43,,,,,
2024-10-22,moins de 65 ans,2024-2025,56879,30945,2024,10,1,43,,,,,
2024-10-23,65 ans et plus,2024-2025,182718,91773,2024,10,2,43,,,,,
2024-10-23,moins de 65 ans,2024-2025,49005,25787,2024,10,2,43,,,,,
2024-10-24,65 ans et plus,2024-2025,180034,93236,2024,10,3,43,,,,,
2024-10-24,moins de 65 ans,2024-2025,47625,25277,2024,10,3,43,,,,,
2024-10-25,65 ans et plus,2024-2025,175682,92645,2024,10,4,43,,,,,
2024-10-25,moins de 65 ans,2024-2025,54557,30962,2024,10,4,43,,,,,
2024-10-26,65 ans et plus,2024-2025,69793,26970,2024,10,5,43,,,,,
2024-10-26,moins de 65 ans,2024-2025,31719,16784,2024,10,5,43,,,,,
2024-10-27,65 ans et plus,2024-2025,1108,317,2024,10,6,43,,,,,
2024-10-27,moins de 65 ans,2024-2025,423,202,2024,10,6,43,,,,,
2024-10-28,65 ans et plus,2024-2025,183917,97442,2024,10,0,44,,,,,
2024-10-28,moins de 65 ans,2024-2025,53895,28962,2024,10,0,44,,,,,
2024-10-29,65 ans et plus,2024-2025,209586,116049,2024,10,1,44,,,,,
2024-10-29,moins de 65 ans,2024-2025,56023,31500,2024,10,1,44,,,,,
2024-10-30,65 ans et plus,2024-2025,171559,89703,2024,10,2,44,,,,,
2024-10-30,moins de 65 ans,2024-2025,50491,27159,2024,10,2,44,,,,,
2024-10-31,65 ans et plus,2024-2025,170713,92243,2024,10,3,44,,,,,
2024-10-31,moins de 65 ans,2024-2025,53897,30762,2024,10,3,44,,,,,
2024-11-01,65 ans et plus,2024-2025,1864,618,2024,11,4,44,,,,,
2024-11-01,moins de 65 ans,2024-2025,777,385,2024,11,4,44,,,,,
2024-11-02,65 ans et plus,2024-2025,78009,31433,2024,11,5,44,,,,,
2024-11-02,moins de 65 ans,2024-2025,33741,17888,2024,11,5,44,,,,,
2024-11-03,65 ans et plus,2024-2025,694,272,2024,11,6,44,,,,,
2024-11-03,moins de 65 ans,2024-2025,312,185,2024,11,6,44,,,,,
2024-11-04,65 ans et plus,2024-2025,222190,125505,2024,11,0,45,,,,,
2024-11-04,moins de 65 ans,2024-2025,56423,31148,2024,11,0,45,,,,,
2024-11-05,65 ans et plus,2024-2025,262013,157029,2024,11,1,45,,,,,
2024-11-05,moins de 65 ans,2024-2025,61032,34311,2024,11,1,45,,,,,
2024-11-06,65 ans et plus,2024-2025,204412,119631,2024,11,2,45,,,,,
2024-11-06,moins de 65 ans,2024-2025,53794,29642,2024,11,2,45,,,,,
2024-11-07,65 ans et plus,2024-2025,214453,129837,2024,11,3,45,,,,,
2024-11-07,moins de 65 ans,2024-2025,53429,30268,2024,11,3,45,,,,,
2024-11-08,65 ans et plus,2024-2025,209961,130518,2024,11,4,45,,,,,
2024-11-08,moins de 65 ans,2024-2025,62962,38389,2024,11,4,45,,,,,
2024-11-09,65 ans et plus,2024-2025,76950,35262,2024,11,5,45,,,,,
2024-11-09,moins de 65 ans,2024-2025,39595,22305,2024,11,5,45,,,,,
2024-11-10,65 ans et plus,2024-2025,1033,298,2024,11,6,45,,,,,
2024-11-10,moins de 65 ans,2024-2025,497,238,2024,11,6,45,,,,,
2024-11-11,65 ans et plus,2024-2025,1632,681,2024,11,0,46,,,,,
2024-11-11,moins de 65 ans,2024-2025,715,369,2024,11,0,46,,,,,
2024-11-12,65 ans et plus,2024-2025,270807,171854,2024,11,1,46,,,,,
2024-11-12,moins de 65 ans,2024-2025,63405,37041,2024,11,1,46,,,,,
2024-11-13,65 ans et plus,2024-2025,220083,139972,2024,11,2,46,,,,,
2024-11-13,moins de 65 ans,2024-2025,56767,32282,2024,11,2,46,,,,,
2024-11-14,65 ans et plus,2024-2025,221578,145403,2024,11,3,46,,,,,
2024-11-14,moins de 65 ans,2024-2025,54163,32075,2024,11,3,46,,,,,
2024-11-15,65 ans et plus,2024-2025,209196,140714,2024,11,4,46,,,,,
2024-11-15,moins de 65 ans,2024-2025,61328,38595,2024,11,4,46,,,,,
2024-11-16,65 ans et plus,2024-2025,68433,35611,2024,11,5,46,,,,,
2024-11-16,moins de 65 ans,2024-2025,37109,21404,2024,11,5,46,,,,,
2024-11-17,65 ans et plus,2024-2025,554,212,2024,11,6,46,,,,,
2024-11-17,moins de 65 ans,2024-2025,425,193,2024,11,6,46,,,,,
2024-11-18,65 ans et plus,2024-2025,183173,124035,2024,11,0,47,,,,,
2024-11-18,moins de 65 ans,2024-2025,49584,29612,2024,11,0,47,,,,,
2024-11-19,65 ans et plus,2024-2025,196775,137240,2024,11,1,47,,,,,
2024-11-19,moins de 65 ans,2024-2025,49103,29923,2024,11,1,47,,,,,
2024-11-20,65 ans et plus,2024-2025,164260,112235,2024,11,2,47,,,,,
2024-11-20,moins de 65 ans,2024-2025,47866,28696,2024,11,2,47,,,,,
2024-11-21,65 ans et plus,2024-2025,131390,89737,2024,11,3,47,,,,,
2024-11-21,moins de 65 ans,2024-2025,39919,24223,2024,11,3,47,,,,,
2024-11-22,65 ans et plus,2024-2025,138277,95503,2024,11,4,47,,,,,
2024-11-22,moins de 65 ans,2024-2025,48146,31206,2024,11,4,47,,,,,
2024-11-23,65 ans et plus,2024-2025,49025,27265,2024,11,5,47,,,,,
2024-11-23,moins de 65 ans,2024-2025,30621,18461,2024,11,5,47,,,,,
2024-11-24,65 ans et plus,2024-2025,352,169,2024,11,6,47,,,,,
2024-11-24,moins de 65 ans,2024-2025,497,280,2024,11,6,47,,,,,
2024-11-25,65 ans et plus,2024-2025,124967,88069,2024,11,0,48,,,,,
2024-11-25,moins de 65 ans,2024-2025,38550,23751,2024,11,0,48,,,,,
2024-11-26,65 ans et plus,2024-2025,145384,105205,2024,11,1,48,,,,,
2024-11-26,moins de 65 ans,2024-2025,39112,24108,2024,11,1,48,,,,,
2024-11-27,65 ans et plus,2024-2025,103064,71564,2024,11,2,48,,,,,
2024-11-27,moins de 65 ans,2024-2025,34006,20752,2024,11,2,48,,,,,
2024-11-28,65 ans et plus,2024-2025,107901,77904,2024,11,3,48,,,,,
2024-11-28,moins de 65 ans,2024-2025,32652,19804,2024,11,3,48,,,,,
2024-11-29,65 ans et plus,2024-2025,96897,69976,2024,11,4,48,,,,,
2024-11-29,moins de 65 ans,2024-2025,36245,23758,2024,11,4,48,,,,,
2024-11-30,65 ans et plus,2024-2025,32920,19081,2024,11,5,48,,,,,
2024-11-30,moins de 65 ans,2024-2025,22506,13478,2024,11,5,48,,,,,
2024-12-01,65 ans et plus,2024-2025,492,311,2024,12,6,48,,,,,
2024-12-01,moins de 65 ans,2024-2025,443,228,2024,12,6,48,,,,,
2024-12-02,65 ans et plus,2024-2025,84249,61894,2024,12,0,49,,,,,
2024-12-02,moins de 65 ans,2024-2025,28930,18342,2024,12,0,49,,,,,
2024-12-03,65 ans et plus,2024-2025,94997,70670,2024,12,1,49,,,,,
2024-12-03,moins de 65 ans,2024-2025,29999,19193,2024,12,1,49,,,,,
2024-12-04,65 ans et plus,2024-2025,71796,51358,2024,12,2,49,,,,,
2024-12-04,moins de 65 ans,2024-2025,26682,16626,2024,12,2,49,,,,,
2024-12-05,65 ans et plus,2024-2025,77707,57999,2024,12,3,49,,,,,
2024-12-05,moins de 65 ans,2024-2025,28097,18041,2024,12,3,49,,,,,
2024-12-06,65 ans et plus,2024-2025,84020,64257,2024,12,4,49,,,,,
2024-12-06,moins de 65 ans,2024-2025,32631,22473,2024,12,4,49,,,,,
2024-12-07,65 ans et plus,2024-2025,26363,16828,2024,12,5,49,,,,,
2024-12-07,moins de 65 ans,2024-2025,20474,13734,2024,12,5,49,,,,,
2024-12-08,65 ans et plus,2024-2025,138,117,2024,12,6,49,,,,,
2024-12-08,moins de 65 ans,2024-2025,344,223,2024,12,6,49,,,,,
2024-12-09,65 ans et plus,2024-2025,69465,52025,2024,12,0,50,,,,,
2024-12-09,moins de 65 ans,2024-2025,26429,17639,2024,12,0,50,,,,,
2024-12-10,65 ans et plus,2024-2025,76673,58186,2024,12,1,50,,,,,
2024-12-10,moins de 65 ans,2024-2025,26913,17887,2024,12,1,50,,,,,
2024-12-11,65 ans et plus,2024-2025,57984,43167,2024,12,2,50,,,,,
2024-12-11,moins de 65 ans,2024-2025,24708,16199,2024,12,2,50,,,,,
2024-12-12,65 ans et plus,2024-2025,57749,43518,2024,12,3,50,,,,,
2024-12-12,moins de 65 ans,2024-2025,22797,15079,2024,12,3,50,,,,,
2024-12-13,65 ans et plus,2024-2025,56263,42840,2024,12,4,50,,,,,
2024-12-13,moins de 65 ans,2024-2025,26394,18487,2024,12,4,50,,,,,
2024-12-14,65 ans et plus,2024-2025,23331,16144,2024,12,5,50,,,,,
2024-12-14,moins de 65 ans,2024-2025,18696,13007,2024,12,5,50,,,,,
2024-12-15,65 ans et plus,2024-2025,173,130,2024,12,6,50,,,,,
2024-12-15,moins de 65 ans,2024-2025,267,158,2024,12,6,50,,,,,
2024-12-16,65 ans et plus,2024-2025,47355,36943,2024,12,0,51,,,,,
2024-12-16,moins de 65 ans,2024-2025,21862,14713,2024,12,0,51,,,,,
2024-12-17,65 ans et plus,2024-2025,47018,36200,2024,12,1,51,,,,,
2024-12-17,moins de 65 ans,2024-2025,21087,14431,2024,12,1,51,,,,,
2024-12-18,65 ans et plus,2024-2025,33531,25389,2024,12,2,51,,,,,
2024-12-18,moins de 65 ans,2024-2025,18387,12358,2024,12,2,51,,,,,
2024-12-19,65 ans et plus,2024-2025,34301,26137,2024,12,3,51,,,,,
2024-12-19,moins de 65 ans,2024-2025,16840,11277,2024,12,3,51,,,,,
2024-12-20,65 ans et plus,2024-2025,32141,24615,2024,12,4,51,,,,,
2024-12-20,moins de 65 ans,2024-2025,18875,13160,2024,12,4,51,,,,,
2024-12-21,65 ans et plus,2024-2025,11538,8111,2024,12,5,51,,,,,
2024-12-21,moins de 65 ans,2024-2025,11140,7705,2024,12,5,51,,,,,
2024-12-22,65 ans et plus,2024-2025,87,84,2024,12,6,51,,,,,
2024-12-22,moins de 65 ans,2024-2025,247,99,2024,12,6,51,,,,,
2024-12-23,65 ans et plus,2024-2025,13663,9667,2024,12,0,52,,,,,
2024-12-23,moins de 65 ans,2024-2025,11161,7066,2024,12,0,52,,,,,
2024-12-24,65 ans et plus,2024-2025,6668,3747,2024,12,1,52,,,,,
2024-12-24,moins de 65 ans,2024-2025,5524,2947,2024,12,1,52,,,,,
2024-12-25,65 ans et plus,2024-2025,44,19,2024,12,2,52,,,,,
2024-12-25,moins de 65 ans,2024-2025,60,46,2024,12,2,52,,,,,
2024-12-26,65 ans et plus,2024-2025,10456,7243,2024,12,3,52,,,,,
2024-12-26,moins de 65 ans,2024-2025,7941,5271,2024,12,3,52,,,,,
2024-12-27,65 ans et plus,2024-2025,24893,19593,2024,12,4,52,,,,,
2024-12-27,moins de 65 ans,2024-2025,13271,9549,2024,12,4,52,,,,,
2024-12-28,65 ans et plus,2024-2025,24737,18461,2024,12,5,52,,,,,
2024-12-28,moins de 65 ans,2024-2025,14765,10646,2024,12,5,52,,,,,
2024-12-29,65 ans et plus,2024-2025,146,65,2024,12,6,52,,,,,
2024-12-29,moins de 65 ans,2024-2025,150,79,2024,12,6,52,,,,,
2024-12-30,65 ans et plus,2024-2025,22866,16941,2024,12,0,1,,,,,
2024-12-30,moins de 65 ans,2024-2025,14216,9898,2024,12,0,1,,,,,
2024-12-31,65 ans et plus,2024-2025,11288,7189,2024,12,1,1,,,,,
2024-12-31,moins de 65 ans,2024-2025,8242,4990,2024,12,1,1,,,,,
2025-01-01,65 ans et plus,2024-2025,55,26,2025,1,2,1,,,,,
2025-01-01,moins de 65 ans,2024-2025,71,40,2025,1,2,1,,,,,
2025-01-02,65 ans et plus,2024-2025,14582,10685,2025,1,3,1,,,,,
2025-01-02,moins de 65 ans,2024-2025,10370,7198,2025,1,3,1,,,,,
2025-01-03,65 ans et plus,2024-2025,22316,17166,2025,1,4,1,,,,,
2025-01-03,moins de 65 ans,2024-2025,13820,10145,2025,1,4,1,,,,,
2025-01-04,65 ans et plus,2024-2025,13546,9966,2025,1,5,1,,,,,
2025-01-04,moins de 65 ans,2024-2025,11390,8336,2025,1,5,1,,,,,
2025-01-05,65 ans et plus,2024-2025,122,56,2025,1,6,1,,,,,
2025-01-05,moins de 65 ans,2024-2025,201,117,2025,1,6,1,,,,,
2025-01-06,65 ans et plus,2024-2025,22458,17266,2025,1,0,2,,,,,
2025-01-06,moins de 65 ans,2024-2025,13924,9941,2025,1,0,2,,,,,
2025-01-07,65 ans et plus,2024-2025,28110,22265,2025,1,1,2,,,,,
2025-01-07,moins de 65 ans,2024-2025,15674,11417,2025,1,1,2,,,,,
2025-01-08,65 ans et plus,2024-2025,20858,16144,2025,1,2,2,,,,,
2025-01-08,moins de 65 ans,2024-2025,14839,10697,2025,1,2,2,,,,,
2025-01-09,65 ans et plus,2024-2025,24930,19614,2025,1,3,2,,,,,
2025-01-09,moins de 65 ans,2024-2025,15876,11310,2025,1,3,2,,,,,
2025-01-10,65 ans et plus,2024-2025,31959,25730,2025,1,4,2,,,,,
2025-01-10,moins de 65 ans,2024-2025,22250,16703,2025,1,4,2,,,,,
2025-01-11,65 ans et plus,2024-2025,18553,14347,2025,1,5,2,,,,,
2025-01-11,moins de 65 ans,2024-2025,18490,13881,2025,1,5,2,,,,,
2025-01-12,65 ans et plus,2024-2025,196,129,2025,1,6,2,,,,,
2025-01-12,moins de 65 ans,2024-2025,348,213,2025,1,6,2,,,,,
2025-01-13,65 ans et plus,2024-2025,23140,18563,2025,1,0,3,,,,,
2025-01-13,moins de 65 ans,2024-2025,16156,12231,2025,1,0,3,,,,,
2025-01-14,65 ans et plus,2024-2025,17996,14240,2025,1,1,3,,,,,
2025-01-14,moins de 65 ans,2024-2025,13044,9537,2025,1,1,3,,,,,
2025-01-15,65 ans et plus,2024-2025,13942,10780,2025,1,2,3,,,,,
2025-01-15,moins de 65 ans,2024-2025,11677,8479,2025,1,2,3,,,,,
2025-01-16,65 ans et plus,2024-2025,13792,10705,2025,1,3,3,,,,,
2025-01-16,moins de 65 ans,2024-2025,10144,7213,2025,1,3,3,,,,,
2025-01-17,65 ans et plus,2024-2025,18577,14780,2025,1,4,3,,,,,
2025-01-17,moins de 65 ans,2024-2025,12691,9705,2025,1,4,3,,,,,
2025-01-18,65 ans et plus,2024-2025,11898,9188,2025,1,5,3,,,,,
2025-01-18,moins de 65 ans,2024-2025,11089,8370,2025,1,5,3,,,,,
2025-01-19,65 ans et plus,2024-2025,111,62,2025,1,6,3,,,,,
2025-01-19,moins de 65 ans,2024-2025,179,89,2025,1,6,3,,,,,
2025-01-20,65 ans et plus,2024-2025,14274,11484,2025,1,0,4,,,,,
2025-01-20,moins de 65 ans,2024-2025,9855,7401,2025,1,0,4,,,,,
2025-01-21,65 ans et plus,2024-2025,10698,7799,2025,1,1,4,,,,,
2025-01-21,moins de 65 ans,2024-2025,7832,5465,2025,1,1,4,,,,,
2025-01-22,65 ans et plus,2024-2025,9634,7162,2025,1,2,4,,,,,
2025-01-22,moins de 65 ans,2024-2025,7771,5395,2025,1,2,4,,,,,
2025-01-23,65 ans et plus,2024-2025,16607,12771,2025,1,3,4,,,,,
2025-01-23,moins de 65 ans,2024-2025,11377,8216,2025,1,3,4,,,,,
2025-01-24,65 ans et plus,2024-2025,12573,9515,2025,1,4,4,,,,,
2025-01-24,moins de 65 ans,2024-2025,10034,7331,2025,1,4,4,,,,,
2025-01-25,65 ans et plus,2024-2025,4902,3644,2025,1,5,4,,,,,
2025-01-25,moins de 65 ans,2024-2025,5631,4507,2025,1,5,4,,,,,
2025-01-26,65 ans et plus,2024-2025,44,44,2025,1,6,4,,,,,
2025-01-26,moins de 65 ans,2024-2025,94,67,2025,1,6,4,,,,,
2025-01-27,65 ans et plus,2024-2025,6182,4764,2025,1,0,5,,,,,
2025-01-27,moins de 65 ans,2024-2025,5067,3874,2025,1,0,5,,,,,
2025-01-28,65 ans et plus,2024-2025,2465,2342,2025,1,1,5,10835299.0,6554867.0,20286.0,17892.0,89.0
2025-01-28,moins de 65 ans,2024-2025,1436,1401,2025,1,1,5,10835299.0,6554867.0,20286.0,17892.0,89.0
