campagne,date,jour,variable,groupe,valeur
2023-2024,2023-10-17,1,ACTE(VGP),65 ans et plus,165358
2023-2024,2023-10-17,1,DOSES(J07E1),65 ans et plus,460513
2023-2024,2023-10-17,1,ACTE(VGP),moins de 65 ans,45120
2023-2024,2023-10-17,1,DOSES(J07E1),moins de 65 ans,109899
2023-2024,2023-10-18,2,ACTE(VGP),65 ans et plus,120833
2023-2024,2023-10-18,2,DOSES(J07E1),65 ans et plus,315498
2023-2024,2023-10-18,2,ACTE(VGP),moins de 65 ans,33324
2023-2024,2023-10-18,2,DOSES(J07E1),moins de 65 ans,77909
2023-2024,2023-10-19,3,ACTE(VGP),65 ans et plus,126152
2023-2024,2023-10-19,3,DOSES(J07E1),65 ans et plus,300589
2023-2024,2023-10-19,3,ACTE(VGP),moins de 65 ans,32594
2023-2024,2023-10-19,3,DOSES(J07E1),moins de 65 ans,70954
2023-2024,2023-10-20,4,ACTE(VGP),65 ans et plus,112963
2023-2024,2023-10-20,4,DOSES(J07E1),65 ans et plus,255531
2023-2024,2023-10-20,4,ACTE(VGP),moins de 65 ans,34831
2023-2024,2023-10-20,4,DOSES(J07E1),moins de 65 ans,70718
2023-2024,2023-10-21,5,ACTE(VGP),65 ans et plus,32658
2023-2024,2023-10-21,5,DOSES(J07E1),65 ans et plus,103700
2023-2024,2023-10-21,5,ACTE(VGP),moins de 65 ans,18330
2023-2024,2023-10-21,5,DOSES(J07E1),moins de 65 ans,40878
2023-2024,2023-10-22,6,ACTE(VGP),65 ans et plus,265
2023-2024,2023-10-22,6,DOSES(J07E1),65 ans et plus,1493
2023-2024,2023-10-22,6,ACTE(VGP),moins de 65 ans,212
2023-2024,2023-10-22,6,DOSES(J07E1),moins de 65 ans,435
2023-2024,2023-10-23,7,ACTE(VGP),65 ans et plus,97705
2023-2024,2023-10-23,7,DOSES(J07E1),65 ans et plus,218232
2023-2024,2023-10-23,7,ACTE(VGP),moins de 65 ans,27917
2023-2024,2023-10-23,7,DOSES(J07E1),moins de 65 ans,59534
2023-2024,2023-10-24,8,ACTE(VGP),65 ans et plus,119787
2023-2024,2023-10-24,8,DOSES(J07E1),65 ans et plus,252434
2023-2024,2023-10-24,8,ACTE(VGP),moins de 65 ans,30503
2023-2024,2023-10-24,8,DOSES(J07E1),moins de 65 ans,62660
2023-2024,2023-10-25,9,ACTE(VGP),65 ans et plus,90320
2023-2024,2023-10-25,9,DOSES(J07E1),65 ans et plus,200503
2023-2024,2023-10-25,9,ACTE(VGP),moins de 65 ans,24523
2023-2024,2023-10-25,9,DOSES(J07E1),moins de 65 ans,53089
2023-2024,2023-10-26,10,ACTE(VGP),65 ans et plus,92667
2023-2024,2023-10-26,10,DOSES(J07E1),65 ans et plus,195061
2023-2024,2023-10-26,10,ACTE(VGP),moins de 65 ans,25280
2023-2024,2023-10-26,10,DOSES(J07E1),moins de 65 ans,52435
2023-2024,2023-10-27,11,ACTE(VGP),65 ans et plus,91062
2023-2024,2023-10-27,11,DOSES(J07E1),65 ans et plus,190841
2023-2024,2023-10-27,11,ACTE(VGP),moins de 65 ans,28542
2023-2024,2023-10-27,11,DOSES(J07E1),moins de 65 ans,56153
2023-2024,2023-10-28,12,ACTE(VGP),65 ans et plus,26060
2023-2024,2023-10-28,12,DOSES(J07E1),65 ans et plus,77933
2023-2024,2023-10-28,12,ACTE(VGP),moins de 65 ans,14513
2023-2024,2023-10-28,12,DOSES(J07E1),moins de 65 ans,31992
2023-2024,2023-10-29,13,ACTE(VGP),65 ans et plus,326
2023-2024,2023-10-29,13,DOSES(J07E1),65 ans et plus,1137
2023-2024,2023-10-29,13,ACTE(VGP),moins de 65 ans,194
2023-2024,2023-10-29,13,DOSES(J07E1),moins de 65 ans,488
2023-2024,2023-10-30,14,ACTE(VGP),65 ans et plus,85891
2023-2024,2023-10-30,14,DOSES(J07E1),65 ans et plus,183332
2023-2024,2023-10-30,14,ACTE(VGP),moins de 65 ans,26453
2023-2024,2023-10-30,14,DOSES(J07E1),moins de 65 ans,54468
2023-2024,2023-10-31,15,ACTE(VGP),65 ans et plus,105785
2023-2024,2023-10-31,15,DOSES(J07E1),65 ans et plus,218565
2023-2024,2023-10-31,15,ACTE(VGP),moins de 65 ans,29422
2023-2024,2023-10-31,15,DOSES(J07E1),moins de 65 ans,60440
2023-2024,2023-11-01,16,ACTE(VGP),65 ans et plus,739
2023-2024,2023-11-01,16,DOSES(J07E1),65 ans et plus,1820
2023-2024,2023-11-01,16,ACTE(VGP),moins de 65 ans,371
2023-2024,2023-11-01,16,DOSES(J07E1),moins de 65 ans,835
2023-2024,2023-11-02,17,ACTE(VGP),65 ans et plus,89474
2023-2024,2023-11-02,17,DOSES(J07E1),65 ans et plus,184810
2023-2024,2023-11-02,17,ACTE(VGP),moins de 65 ans,27031
2023-2024,2023-11-02,17,DOSES(J07E1),moins de 65 ans,55418
2023-2024,2023-11-03,18,ACTE(VGP),65 ans et plus,111818
2023-2024,2023-11-03,18,DOSES(J07E1),65 ans et plus,219545
2023-2024,2023-11-03,18,ACTE(VGP),moins de 65 ans,33956
2023-2024,2023-11-03,18,DOSES(J07E1),moins de 65 ans,64035
2023-2024,2023-11-04,19,ACTE(VGP),65 ans et plus,30535
2023-2024,2023-11-04,19,DOSES(J07E1),65 ans et plus,81605
2023-2024,2023-11-04,19,ACTE(VGP),moins de 65 ans,16694
2023-2024,2023-11-04,19,DOSES(J07E1),moins de 65 ans,35082
2023-2024,2023-11-05,20,ACTE(VGP),65 ans et plus,293
2023-2024,2023-11-05,20,DOSES(J07E1),65 ans et plus,839
2023-2024,2023-11-05,20,ACTE(VGP),moins de 65 ans,221
2023-2024,2023-11-05,20,DOSES(J07E1),moins de 65 ans,402
2023-2024,2023-11-06,21,ACTE(VGP),65 ans et plus,124365
2023-2024,2023-11-06,21,DOSES(J07E1),65 ans et plus,235083
2023-2024,2023-11-06,21,ACTE(VGP),moins de 65 ans,28976
2023-2024,2023-11-06,21,DOSES(J07E1),moins de 65 ans,58802
2023-2024,2023-11-07,22,ACTE(VGP),65 ans et plus,150665
2023-2024,2023-11-07,22,DOSES(J07E1),65 ans et plus,271855
2023-2024,2023-11-07,22,ACTE(VGP),moins de 65 ans,31647
2023-2024,2023-11-07,22,DOSES(J07E1),moins de 65 ans,62519
2023-2024,2023-11-08,23,ACTE(VGP),65 ans et plus,113110
2023-2024,2023-11-08,23,DOSES(J07E1),65 ans et plus,210263
2023-2024,2023-11-08,23,ACTE(VGP),moins de 65 ans,26937
2023-2024,2023-11-08,23,DOSES(J07E1),moins de 65 ans,55074
2023-2024,2023-11-09,24,ACTE(VGP),65 ans et plus,121136
2023-2024,2023-11-09,24,DOSES(J07E1),65 ans et plus,215236
2023-2024,2023-11-09,24,ACTE(VGP),moins de 65 ans,27719
2023-2024,2023-11-09,24,DOSES(J07E1),moins de 65 ans,54757
2023-2024,2023-11-10,25,ACTE(VGP),65 ans et plus,118375
2023-2024,2023-11-10,25,DOSES(J07E1),65 ans et plus,212245
2023-2024,2023-11-10,25,ACTE(VGP),moins de 65 ans,34555
2023-2024,2023-11-10,25,DOSES(J07E1),moins de 65 ans,64124
2023-2024,2023-11-11,26,ACTE(VGP),65 ans et plus,858
2023-2024,2023-11-11,26,DOSES(J07E1),65 ans et plus,2578
2023-2024,2023-11-11,26,ACTE(VGP),moins de 65 ans,628
2023-2024,2023-11-11,26,DOSES(J07E1),moins de 65 ans,1673
2023-2024,2023-11-12,27,ACTE(VGP),65 ans et plus,288
2023-2024,2023-11-12,27,DOSES(J07E1),65 ans et plus,776
2023-2024,2023-11-12,27,ACTE(VGP),moins de 65 ans,174
2023-2024,2023-11-12,27,DOSES(J07E1),moins de 65 ans,540
2023-2024,2023-11-13,28,ACTE(VGP),65 ans et plus,118954
2023-2024,2023-11-13,28,DOSES(J07E1),65 ans et plus,214073
2023-2024,2023-11-13,28,ACTE(VGP),moins de 65 ans,28483
2023-2024,2023-11-13,28,DOSES(J07E1),moins de 65 ans,56686
2023-2024,2023-11-14,29,ACTE(VGP),65 ans et plus,142255
2023-2024,2023-11-14,29,DOSES(J07E1),65 ans et plus,235527
2023-2024,2023-11-14,29,ACTE(VGP),moins de 65 ans,29755
2023-2024,2023-11-14,29,DOSES(J07E1),moins de 65 ans,57133
2023-2024,2023-11-15,30,ACTE(VGP),65 ans et plus,111556
2023-2024,2023-11-15,30,DOSES(J07E1),65 ans et plus,186627
2023-2024,2023-11-15,30,ACTE(VGP),moins de 65 ans,26722
2023-2024,2023-11-15,30,DOSES(J07E1),moins de 65 ans,51264
2023-2024,2023-11-16,31,ACTE(VGP),65 ans et plus,103550
2023-2024,2023-11-16,31,DOSES(J07E1),65 ans et plus,169419
2023-2024,2023-11-16,31,ACTE(VGP),moins de 65 ans,23903
2023-2024,2023-11-16,31,DOSES(J07E1),moins de 65 ans,45106
2023-2024,2023-11-17,32,ACTE(VGP),65 ans et plus,102840
2023-2024,2023-11-17,32,DOSES(J07E1),65 ans et plus,164936
2023-2024,2023-11-17,32,ACTE(VGP),moins de 65 ans,29866
2023-2024,2023-11-17,32,DOSES(J07E1),moins de 65 ans,52249
2023-2024,2023-11-18,33,ACTE(VGP),65 ans et plus,26647
2023-2024,2023-11-18,33,DOSES(J07E1),65 ans et plus,55835
2023-2024,2023-11-18,33,ACTE(VGP),moins de 65 ans,17214
2023-2024,2023-11-18,33,DOSES(J07E1),moins de 65 ans,31942
2023-2024,2023-11-19,34,ACTE(VGP),65 ans et plus,211
2023-2024,2023-11-19,34,DOSES(J07E1),65 ans et plus,608
2023-2024,2023-11-19,34,ACTE(VGP),moins de 65 ans,163
2023-2024,2023-11-19,34,DOSES(J07E1),moins de 65 ans,443
2023-2024,2023-11-20,35,ACTE(VGP),65 ans et plus,95141
2023-2024,2023-11-20,35,DOSES(J07E1),65 ans et plus,148910
2023-2024,2023-11-20,35,ACTE(VGP),moins de 65 ans,23549
2023-2024,2023-11-20,35,DOSES(J07E1),moins de 65 ans,43661
2023-2024,2023-11-21,36,ACTE(VGP),65 ans et plus,107664
2023-2024,2023-11-21,36,DOSES(J07E1),65 ans et plus,165047
2023-2024,2023-11-21,36,ACTE(VGP),moins de 65 ans,24741
2023-2024,2023-11-21,36,DOSES(J07E1),moins de 65 ans,44373
2023-2024,2023-11-22,37,ACTE(VGP),65 ans et plus,78683
2023-2024,2023-11-22,37,DOSES(J07E1),65 ans et plus,123742
2023-2024,2023-11-22,37,ACTE(VGP),moins de 65 ans,21286
2023-2024,2023-11-22,37,DOSES(J07E1),moins de 65 ans,39395
2023-2024,2023-11-23,38,ACTE(VGP),65 ans et plus,80829
2023-2024,2023-11-23,38,DOSES(J07E1),65 ans et plus,125475
2023-2024,2023-11-23,38,ACTE(VGP),moins de 65 ans,20648
2023-2024,2023-11-23,38,DOSES(J07E1),moins de 65 ans,37328
2023-2024,2023-11-24,39,ACTE(VGP),65 ans et plus,78890
2023-2024,2023-11-24,39,DOSES(J07E1),65 ans et plus,120489
2023-2024,2023-11-24,39,ACTE(VGP),moins de 65 ans,25275
2023-2024,2023-11-24,39,DOSES(J07E1),moins de 65 ans,42706
2023-2024,2023-11-25,40,ACTE(VGP),65 ans et plus,21630
2023-2024,2023-11-25,40,DOSES(J07E1),65 ans et plus,42430
2023-2024,2023-11-25,40,ACTE(VGP),moins de 65 ans,14107
2023-2024,2023-11-25,40,DOSES(J07E1),moins de 65 ans,25784
2023-2024,2023-11-26,41,ACTE(VGP),65 ans et plus,145
2023-2024,2023-11-26,41,DOSES(J07E1),65 ans et plus,373
2023-2024,2023-11-26,41,ACTE(VGP),moins de 65 ans,169
2023-2024,2023-11-26,41,DOSES(J07E1),moins de 65 ans,340
2023-2024,2023-11-27,42,ACTE(VGP),65 ans et plus,69847
2023-2024,2023-11-27,42,DOSES(J07E1),65 ans et plus,105969
2023-2024,2023-11-27,42,ACTE(VGP),moins de 65 ans,18791
2023-2024,2023-11-27,42,DOSES(J07E1),moins de 65 ans,34569
2023-2024,2023-11-28,43,ACTE(VGP),65 ans et plus,83264
2023-2024,2023-11-28,43,DOSES(J07E1),65 ans et plus,122574
2023-2024,2023-11-28,43,ACTE(VGP),moins de 65 ans,20484
2023-2024,2023-11-28,43,DOSES(J07E1),moins de 65 ans,36585
2023-2024,2023-11-29,44,ACTE(VGP),65 ans et plus,60762
2023-2024,2023-11-29,44,DOSES(J07E1),65 ans et plus,93716
2023-2024,2023-11-29,44,ACTE(VGP),moins de 65 ans,18143
2023-2024,2023-11-29,44,DOSES(J07E1),moins de 65 ans,33570
2023-2024,2023-11-30,45,ACTE(VGP),65 ans et plus,63289
2023-2024,2023-11-30,45,DOSES(J07E1),65 ans et plus,94177
2023-2024,2023-11-30,45,ACTE(VGP),moins de 65 ans,17375
2023-2024,2023-11-30,45,DOSES(J07E1),moins de 65 ans,31418
2023-2024,2023-12-01,46,ACTE(VGP),65 ans et plus,62594
2023-2024,2023-12-01,46,DOSES(J07E1),65 ans et plus,91116
2023-2024,2023-12-01,46,ACTE(VGP),moins de 65 ans,21350
2023-2024,2023-12-01,46,DOSES(J07E1),moins de 65 ans,35154
2023-2024,2023-12-02,47,ACTE(VGP),65 ans et plus,18175
2023-2024,2023-12-02,47,DOSES(J07E1),65 ans et plus,32141
2023-2024,2023-12-02,47,ACTE(VGP),moins de 65 ans,12480
2023-2024,2023-12-02,47,DOSES(J07E1),moins de 65 ans,21756
2023-2024,2023-12-03,48,ACTE(VGP),65 ans et plus,151
2023-2024,2023-12-03,48,DOSES(J07E1),65 ans et plus,351
2023-2024,2023-12-03,48,ACTE(VGP),moins de 65 ans,183
2023-2024,2023-12-03,48,DOSES(J07E1),moins de 65 ans,353
2023-2024,2023-12-04,49,ACTE(VGP),65 ans et plus,52991
2023-2024,2023-12-04,49,DOSES(J07E1),65 ans et plus,76705
2023-2024,2023-12-04,49,ACTE(VGP),moins de 65 ans,16318
2023-2024,2023-12-04,49,DOSES(J07E1),moins de 65 ans,27687
2023-2024,2023-12-05,50,ACTE(VGP),65 ans et plus,63320
2023-2024,2023-12-05,50,DOSES(J07E1),65 ans et plus,90360
2023-2024,2023-12-05,50,ACTE(VGP),moins de 65 ans,17137
2023-2024,2023-12-05,50,DOSES(J07E1),moins de 65 ans,29270
2023-2024,2023-12-06,51,ACTE(VGP),65 ans et plus,46721
2023-2024,2023-12-06,51,DOSES(J07E1),65 ans et plus,69153
2023-2024,2023-12-06,51,ACTE(VGP),moins de 65 ans,14921
2023-2024,2023-12-06,51,DOSES(J07E1),moins de 65 ans,26224
2023-2024,2023-12-07,52,ACTE(VGP),65 ans et plus,51810
2023-2024,2023-12-07,52,DOSES(J07E1),65 ans et plus,74786
2023-2024,2023-12-07,52,ACTE(VGP),moins de 65 ans,15986
2023-2024,2023-12-07,52,DOSES(J07E1),moins de 65 ans,26524
2023-2024,2023-12-08,53,ACTE(VGP),65 ans et plus,50129
2023-2024,2023-12-08,53,DOSES(J07E1),65 ans et plus,70281
2023-2024,2023-12-08,53,ACTE(VGP),moins de 65 ans,18755
2023-2024,2023-12-08,53,DOSES(J07E1),moins de 65 ans,29992
2023-2024,2023-12-09,54,ACTE(VGP),65 ans et plus,13277
2023-2024,2023-12-09,54,DOSES(J07E1),65 ans et plus,22842
2023-2024,2023-12-09,54,ACTE(VGP),moins de 65 ans,10188
2023-2024,2023-12-09,54,DOSES(J07E1),moins de 65 ans,17685
2023-2024,2023-12-10,55,ACTE(VGP),65 ans et plus,119
2023-2024,2023-12-10,55,DOSES(J07E1),65 ans et plus,192
2023-2024,2023-12-10,55,ACTE(VGP),moins de 65 ans,174
2023-2024,2023-12-10,55,DOSES(J07E1),moins de 65 ans,355
2023-2024,2023-12-11,56,ACTE(VGP),65 ans et plus,40992
2023-2024,2023-12-11,56,DOSES(J07E1),65 ans et plus,58286
2023-2024,2023-12-11,56,ACTE(VGP),moins de 65 ans,14081
2023-2024,2023-12-11,56,DOSES(J07E1),moins de 65 ans,23224
2023-2024,2023-12-12,57,ACTE(VGP),65 ans et plus,43464
2023-2024,2023-12-12,57,DOSES(J07E1),65 ans et plus,60320
2023-2024,2023-12-12,57,ACTE(VGP),moins de 65 ans,14349
2023-2024,2023-12-12,57,DOSES(J07E1),moins de 65 ans,22916
2023-2024,2023-12-13,58,ACTE(VGP),65 ans et plus,32619
2023-2024,2023-12-13,58,DOSES(J07E1),65 ans et plus,46069
2023-2024,2023-12-13,58,ACTE(VGP),moins de 65 ans,12203
2023-2024,2023-12-13,58,DOSES(J07E1),moins de 65 ans,20515
2023-2024,2023-12-14,59,ACTE(VGP),65 ans et plus,37864
2023-2024,2023-12-14,59,DOSES(J07E1),65 ans et plus,53286
2023-2024,2023-12-14,59,ACTE(VGP),moins de 65 ans,13292
2023-2024,2023-12-14,59,DOSES(J07E1),moins de 65 ans,21688
2023-2024,2023-12-15,60,ACTE(VGP),65 ans et plus,36273
2023-2024,2023-12-15,60,DOSES(J07E1),65 ans et plus,50499
2023-2024,2023-12-15,60,ACTE(VGP),moins de 65 ans,15482
2023-2024,2023-12-15,60,DOSES(J07E1),moins de 65 ans,23877
2023-2024,2023-12-16,61,ACTE(VGP),65 ans et plus,11619
2023-2024,2023-12-16,61,DOSES(J07E1),65 ans et plus,18144
2023-2024,2023-12-16,61,ACTE(VGP),moins de 65 ans,9035
2023-2024,2023-12-16,61,DOSES(J07E1),moins de 65 ans,14506
2023-2024,2023-12-17,62,ACTE(VGP),65 ans et plus,145
2023-2024,2023-12-17,62,DOSES(J07E1),65 ans et plus,200
2023-2024,2023-12-17,62,ACTE(VGP),moins de 65 ans,140
2023-2024,2023-12-17,62,DOSES(J07E1),moins de 65 ans,333
2023-2024,2023-12-18,63,ACTE(VGP),65 ans et plus,27432
2023-2024,2023-12-18,63,DOSES(J07E1),65 ans et plus,37720
2023-2024,2023-12-18,63,ACTE(VGP),moins de 65 ans,11618
2023-2024,2023-12-18,63,DOSES(J07E1),moins de 65 ans,18296
2023-2024,2023-12-19,64,ACTE(VGP),65 ans et plus,27983
2023-2024,2023-12-19,64,DOSES(J07E1),65 ans et plus,38774
2023-2024,2023-12-19,64,ACTE(VGP),moins de 65 ans,11355
2023-2024,2023-12-19,64,DOSES(J07E1),moins de 65 ans,17797
2023-2024,2023-12-20,65,ACTE(VGP),65 ans et plus,17798
2023-2024,2023-12-20,65,DOSES(J07E1),65 ans et plus,25972
2023-2024,2023-12-20,65,ACTE(VGP),moins de 65 ans,8780
2023-2024,2023-12-20,65,DOSES(J07E1),moins de 65 ans,14240
2023-2024,2023-12-21,66,ACTE(VGP),65 ans et plus,16079
2023-2024,2023-12-21,66,DOSES(J07E1),65 ans et plus,23821
2023-2024,2023-12-21,66,ACTE(VGP),moins de 65 ans,7939
2023-2024,2023-12-21,66,DOSES(J07E1),moins de 65 ans,13035
2023-2024,2023-12-22,67,ACTE(VGP),65 ans et plus,13489
2023-2024,2023-12-22,67,DOSES(J07E1),65 ans et plus,19936
2023-2024,2023-12-22,67,ACTE(VGP),moins de 65 ans,7933
2023-2024,2023-12-22,67,DOSES(J07E1),moins de 65 ans,12828
2023-2024,2023-12-23,68,ACTE(VGP),65 ans et plus,3590
2023-2024,2023-12-23,68,DOSES(J07E1),65 ans et plus,6571
2023-2024,2023-12-23,68,ACTE(VGP),moins de 65 ans,3215
2023-2024,2023-12-23,68,DOSES(J07E1),moins de 65 ans,6206
2023-2024,2023-12-24,69,ACTE(VGP),65 ans et plus,34
2023-2024,2023-12-24,69,DOSES(J07E1),65 ans et plus,66
2023-2024,2023-12-24,69,ACTE(VGP),moins de 65 ans,32
2023-2024,2023-12-24,69,DOSES(J07E1),moins de 65 ans,104
2023-2024,2023-12-25,70,ACTE(VGP),65 ans et plus,39
2023-2024,2023-12-25,70,DOSES(J07E1),65 ans et plus,56
2023-2024,2023-12-25,70,ACTE(VGP),moins de 65 ans,33
2023-2024,2023-12-25,70,DOSES(J07E1),moins de 65 ans,66
2023-2024,2023-12-26,71,ACTE(VGP),65 ans et plus,7874
2023-2024,2023-12-26,71,DOSES(J07E1),65 ans et plus,11661
2023-2024,2023-12-26,71,ACTE(VGP),moins de 65 ans,4640
2023-2024,2023-12-26,71,DOSES(J07E1),moins de 65 ans,7761
2023-2024,2023-12-27,72,ACTE(VGP),65 ans et plus,8479
2023-2024,2023-12-27,72,DOSES(J07E1),65 ans et plus,12304
2023-2024,2023-12-27,72,ACTE(VGP),moins de 65 ans,4951
2023-2024,2023-12-27,72,DOSES(J07E1),moins de 65 ans,8234
2023-2024,2023-12-28,73,ACTE(VGP),65 ans et plus,9561
2023-2024,2023-12-28,73,DOSES(J07E1),65 ans et plus,13389
2023-2024,2023-12-28,73,ACTE(VGP),moins de 65 ans,5231
2023-2024,2023-12-28,73,DOSES(J07E1),moins de 65 ans,8499
2023-2024,2023-12-29,74,ACTE(VGP),65 ans et plus,9193
2023-2024,2023-12-29,74,DOSES(J07E1),65 ans et plus,13621
2023-2024,2023-12-29,74,ACTE(VGP),moins de 65 ans,5532
2023-2024,2023-12-29,74,DOSES(J07E1),moins de 65 ans,8973
2023-2024,2023-12-30,75,ACTE(VGP),65 ans et plus,3584
2023-2024,2023-12-30,75,DOSES(J07E1),65 ans et plus,5778
2023-2024,2023-12-30,75,ACTE(VGP),moins de 65 ans,2757
2023-2024,2023-12-30,75,DOSES(J07E1),moins de 65 ans,4963
2023-2024,2023-12-31,76,ACTE(VGP),65 ans et plus,35
2023-2024,2023-12-31,76,DOSES(J07E1),65 ans et plus,96
2023-2024,2023-12-31,76,ACTE(VGP),moins de 65 ans,23
2023-2024,2023-12-31,76,DOSES(J07E1),moins de 65 ans,119
2023-2024,2024-01-01,77,ACTE(VGP),65 ans et plus,30
2023-2024,2024-01-01,77,DOSES(J07E1),65 ans et plus,35
2023-2024,2024-01-01,77,ACTE(VGP),moins de 65 ans,19
2023-2024,2024-01-01,77,DOSES(J07E1),moins de 65 ans,63
2023-2024,2024-01-02,78,ACTE(VGP),65 ans et plus,9180
2023-2024,2024-01-02,78,DOSES(J07E1),65 ans et plus,12836
2023-2024,2024-01-02,78,ACTE(VGP),moins de 65 ans,4597
2023-2024,2024-01-02,78,DOSES(J07E1),moins de 65 ans,7262
2023-2024,2024-01-03,79,ACTE(VGP),65 ans et plus,9448
2023-2024,2024-01-03,79,DOSES(J07E1),65 ans et plus,13066
2023-2024,2024-01-03,79,ACTE(VGP),moins de 65 ans,4236
2023-2024,2024-01-03,79,DOSES(J07E1),moins de 65 ans,6709
2023-2024,2024-01-04,80,ACTE(VGP),65 ans et plus,9815
2023-2024,2024-01-04,80,DOSES(J07E1),65 ans et plus,13780
2023-2024,2024-01-04,80,ACTE(VGP),moins de 65 ans,4293
2023-2024,2024-01-04,80,DOSES(J07E1),moins de 65 ans,6760
2023-2024,2024-01-05,81,ACTE(VGP),65 ans et plus,10500
2023-2024,2024-01-05,81,DOSES(J07E1),65 ans et plus,14155
2023-2024,2024-01-05,81,ACTE(VGP),moins de 65 ans,5440
2023-2024,2024-01-05,81,DOSES(J07E1),moins de 65 ans,8051
2023-2024,2024-01-06,82,ACTE(VGP),65 ans et plus,4356
2023-2024,2024-01-06,82,DOSES(J07E1),65 ans et plus,6702
2023-2024,2024-01-06,82,ACTE(VGP),moins de 65 ans,3228
2023-2024,2024-01-06,82,DOSES(J07E1),moins de 65 ans,4933
2023-2024,2024-01-07,83,ACTE(VGP),65 ans et plus,57
2023-2024,2024-01-07,83,DOSES(J07E1),65 ans et plus,220
2023-2024,2024-01-07,83,ACTE(VGP),moins de 65 ans,42
2023-2024,2024-01-07,83,DOSES(J07E1),moins de 65 ans,133
2023-2024,2024-01-08,84,ACTE(VGP),65 ans et plus,9058
2023-2024,2024-01-08,84,DOSES(J07E1),65 ans et plus,12153
2023-2024,2024-01-08,84,ACTE(VGP),moins de 65 ans,4029
2023-2024,2024-01-08,84,DOSES(J07E1),moins de 65 ans,6272
2023-2024,2024-01-09,85,ACTE(VGP),65 ans et plus,8667
2023-2024,2024-01-09,85,DOSES(J07E1),65 ans et plus,11764
2023-2024,2024-01-09,85,ACTE(VGP),moins de 65 ans,3647
2023-2024,2024-01-09,85,DOSES(J07E1),moins de 65 ans,5793
2023-2024,2024-01-10,86,ACTE(VGP),65 ans et plus,6011
2023-2024,2024-01-10,86,DOSES(J07E1),65 ans et plus,8795
2023-2024,2024-01-10,86,ACTE(VGP),moins de 65 ans,2958
2023-2024,2024-01-10,86,DOSES(J07E1),moins de 65 ans,5197
2023-2024,2024-01-11,87,ACTE(VGP),65 ans et plus,6830
2023-2024,2024-01-11,87,DOSES(J07E1),65 ans et plus,9735
2023-2024,2024-01-11,87,ACTE(VGP),moins de 65 ans,3159
2023-2024,2024-01-11,87,DOSES(J07E1),moins de 65 ans,4898
2023-2024,2024-01-12,88,ACTE(VGP),65 ans et plus,6958
2023-2024,2024-01-12,88,DOSES(J07E1),65 ans et plus,9423
2023-2024,2024-01-12,88,ACTE(VGP),moins de 65 ans,3573
2023-2024,2024-01-12,88,DOSES(J07E1),moins de 65 ans,5392
2023-2024,2024-01-13,89,ACTE(VGP),65 ans et plus,2609
2023-2024,2024-01-13,89,DOSES(J07E1),65 ans et plus,4108
2023-2024,2024-01-13,89,ACTE(VGP),moins de 65 ans,2386
2023-2024,2024-01-13,89,DOSES(J07E1),moins de 65 ans,3580
2023-2024,2024-01-14,90,ACTE(VGP),65 ans et plus,27
2023-2024,2024-01-14,90,DOSES(J07E1),65 ans et plus,55
2023-2024,2024-01-14,90,ACTE(VGP),moins de 65 ans,35
2023-2024,2024-01-14,90,DOSES(J07E1),moins de 65 ans,78
2023-2024,2024-01-15,91,ACTE(VGP),65 ans et plus,4770
2023-2024,2024-01-15,91,DOSES(J07E1),65 ans et plus,7018
2023-2024,2024-01-15,91,ACTE(VGP),moins de 65 ans,2499
2023-2024,2024-01-15,91,DOSES(J07E1),moins de 65 ans,4128
2023-2024,2024-01-16,92,ACTE(VGP),65 ans et plus,5694
2023-2024,2024-01-16,92,DOSES(J07E1),65 ans et plus,7703
2023-2024,2024-01-16,92,ACTE(VGP),moins de 65 ans,2407
2023-2024,2024-01-16,92,DOSES(J07E1),moins de 65 ans,3854
2023-2024,2024-01-17,93,ACTE(VGP),65 ans et plus,3443
2023-2024,2024-01-17,93,DOSES(J07E1),65 ans et plus,4637
2023-2024,2024-01-17,93,ACTE(VGP),moins de 65 ans,1824
2023-2024,2024-01-17,93,DOSES(J07E1),moins de 65 ans,3037
2023-2024,2024-01-18,94,ACTE(VGP),65 ans et plus,3417
2023-2024,2024-01-18,94,DOSES(J07E1),65 ans et plus,4673
2023-2024,2024-01-18,94,ACTE(VGP),moins de 65 ans,1822
2023-2024,2024-01-18,94,DOSES(J07E1),moins de 65 ans,2971
2023-2024,2024-01-19,95,ACTE(VGP),65 ans et plus,3382
2023-2024,2024-01-19,95,DOSES(J07E1),65 ans et plus,4802
2023-2024,2024-01-19,95,ACTE(VGP),moins de 65 ans,2012
2023-2024,2024-01-19,95,DOSES(J07E1),moins de 65 ans,3102
2023-2024,2024-01-20,96,ACTE(VGP),65 ans et plus,1177
2023-2024,2024-01-20,96,DOSES(J07E1),65 ans et plus,1780
2023-2024,2024-01-20,96,ACTE(VGP),moins de 65 ans,1301
2023-2024,2024-01-20,96,DOSES(J07E1),moins de 65 ans,1922
2023-2024,2024-01-21,97,ACTE(VGP),65 ans et plus,8
2023-2024,2024-01-21,97,DOSES(J07E1),65 ans et plus,21
2023-2024,2024-01-21,97,ACTE(VGP),moins de 65 ans,27
2023-2024,2024-01-21,97,DOSES(J07E1),moins de 65 ans,54
2023-2024,2024-01-22,98,ACTE(VGP),65 ans et plus,2825
2023-2024,2024-01-22,98,DOSES(J07E1),65 ans et plus,3915
2023-2024,2024-01-22,98,ACTE(VGP),moins de 65 ans,1658
2023-2024,2024-01-22,98,DOSES(J07E1),moins de 65 ans,2918
2023-2024,2024-01-23,99,ACTE(VGP),65 ans et plus,3331
2023-2024,2024-01-23,99,DOSES(J07E1),65 ans et plus,4802
2023-2024,2024-01-23,99,ACTE(VGP),moins de 65 ans,1699
2023-2024,2024-01-23,99,DOSES(J07E1),moins de 65 ans,2713
2023-2024,2024-01-24,100,ACTE(VGP),65 ans et plus,2583
2023-2024,2024-01-24,100,DOSES(J07E1),65 ans et plus,3884
2023-2024,2024-01-24,100,ACTE(VGP),moins de 65 ans,1489
2023-2024,2024-01-24,100,DOSES(J07E1),moins de 65 ans,2561
2023-2024,2024-01-25,101,ACTE(VGP),65 ans et plus,2665
2023-2024,2024-01-25,101,DOSES(J07E1),65 ans et plus,3912
2023-2024,2024-01-25,101,ACTE(VGP),moins de 65 ans,1385
2023-2024,2024-01-25,101,DOSES(J07E1),moins de 65 ans,2108
2023-2024,2024-01-26,102,ACTE(VGP),65 ans et plus,2466
2023-2024,2024-01-26,102,DOSES(J07E1),65 ans et plus,3615
2023-2024,2024-01-26,102,ACTE(VGP),moins de 65 ans,1615
2023-2024,2024-01-26,102,DOSES(J07E1),moins de 65 ans,2648
2023-2024,2024-01-27,103,ACTE(VGP),65 ans et plus,1092
2023-2024,2024-01-27,103,DOSES(J07E1),65 ans et plus,1711
2023-2024,2024-01-27,103,ACTE(VGP),moins de 65 ans,999
2023-2024,2024-01-27,103,DOSES(J07E1),moins de 65 ans,1764
2023-2024,2024-01-28,104,ACTE(VGP),65 ans et plus,24
2023-2024,2024-01-28,104,DOSES(J07E1),65 ans et plus,68
2023-2024,2024-01-28,104,ACTE(VGP),moins de 65 ans,9
2023-2024,2024-01-28,104,DOSES(J07E1),moins de 65 ans,36
2023-2024,2024-01-29,105,ACTE(VGP),65 ans et plus,2569
2023-2024,2024-01-29,105,DOSES(J07E1),65 ans et plus,3727
2023-2024,2024-01-29,105,ACTE(VGP),moins de 65 ans,1387
2023-2024,2024-01-29,105,DOSES(J07E1),moins de 65 ans,2348
2023-2024,2024-01-30,106,ACTE(VGP),65 ans et plus,2651
2023-2024,2024-01-30,106,DOSES(J07E1),65 ans et plus,3404
2023-2024,2024-01-30,106,ACTE(VGP),moins de 65 ans,1464
2023-2024,2024-01-30,106,DOSES(J07E1),moins de 65 ans,2489
2023-2024,2024-01-31,107,ACTE(VGP),65 ans et plus,2234
2023-2024,2024-01-31,107,DOSES(J07E1),65 ans et plus,3064
2023-2024,2024-01-31,107,ACTE(VGP),moins de 65 ans,1485
2023-2024,2024-01-31,107,DOSES(J07E1),moins de 65 ans,2304
2023-2024,2024-02-01,108,ACTE(VGP),65 ans et plus,1361
2023-2024,2024-02-01,108,DOSES(J07E1),65 ans et plus,1543
2023-2024,2024-02-01,108,ACTE(VGP),moins de 65 ans,901
2023-2024,2024-02-01,108,DOSES(J07E1),moins de 65 ans,1433
2023-2024,2024-02-02,109,ACTE(VGP),65 ans et plus,1613
2023-2024,2024-02-02,109,DOSES(J07E1),65 ans et plus,1995
2023-2024,2024-02-02,109,ACTE(VGP),moins de 65 ans,1124
2023-2024,2024-02-02,109,DOSES(J07E1),moins de 65 ans,1752
2023-2024,2024-02-03,110,ACTE(VGP),65 ans et plus,652
2023-2024,2024-02-03,110,DOSES(J07E1),65 ans et plus,1033
2023-2024,2024-02-03,110,ACTE(VGP),moins de 65 ans,797
2023-2024,2024-02-03,110,DOSES(J07E1),moins de 65 ans,1193
2023-2024,2024-02-04,111,ACTE(VGP),65 ans et plus,16
2023-2024,2024-02-04,111,DOSES(J07E1),65 ans et plus,28
2023-2024,2024-02-04,111,ACTE(VGP),moins de 65 ans,6
2023-2024,2024-02-04,111,DOSES(J07E1),moins de 65 ans,49
2023-2024,2024-02-05,112,ACTE(VGP),65 ans et plus,1173
2023-2024,2024-02-05,112,DOSES(J07E1),65 ans et plus,1563
2023-2024,2024-02-05,112,ACTE(VGP),moins de 65 ans,858
2023-2024,2024-02-05,112,DOSES(J07E1),moins de 65 ans,1401
2023-2024,2024-02-06,113,ACTE(VGP),65 ans et plus,1121
2023-2024,2024-02-06,113,DOSES(J07E1),65 ans et plus,1305
2023-2024,2024-02-06,113,ACTE(VGP),moins de 65 ans,742
2023-2024,2024-02-06,113,DOSES(J07E1),moins de 65 ans,1210
2023-2024,2024-02-07,114,ACTE(VGP),65 ans et plus,701
2023-2024,2024-02-07,114,DOSES(J07E1),65 ans et plus,875
2023-2024,2024-02-07,114,ACTE(VGP),moins de 65 ans,725
2023-2024,2024-02-07,114,DOSES(J07E1),moins de 65 ans,1111
2023-2024,2024-02-08,115,ACTE(VGP),65 ans et plus,898
2023-2024,2024-02-08,115,DOSES(J07E1),65 ans et plus,1176
2023-2024,2024-02-08,115,ACTE(VGP),moins de 65 ans,707
2023-2024,2024-02-08,115,DOSES(J07E1),moins de 65 ans,1076
2023-2024,2024-02-09,116,ACTE(VGP),65 ans et plus,775
2023-2024,2024-02-09,116,DOSES(J07E1),65 ans et plus,898
2023-2024,2024-02-09,116,ACTE(VGP),moins de 65 ans,649
2023-2024,2024-02-09,116,DOSES(J07E1),moins de 65 ans,988
2023-2024,2024-02-10,117,ACTE(VGP),65 ans et plus,272
2023-2024,2024-02-10,117,DOSES(J07E1),65 ans et plus,372
2023-2024,2024-02-10,117,ACTE(VGP),moins de 65 ans,410
2023-2024,2024-02-10,117,DOSES(J07E1),moins de 65 ans,642
2023-2024,2024-02-11,118,ACTE(VGP),65 ans et plus,21
2023-2024,2024-02-11,118,DOSES(J07E1),65 ans et plus,14
2023-2024,2024-02-11,118,ACTE(VGP),moins de 65 ans,10
2023-2024,2024-02-11,118,DOSES(J07E1),moins de 65 ans,18
2023-2024,2024-02-12,119,ACTE(VGP),65 ans et plus,531
2023-2024,2024-02-12,119,DOSES(J07E1),65 ans et plus,576
2023-2024,2024-02-12,119,ACTE(VGP),moins de 65 ans,556
2023-2024,2024-02-12,119,DOSES(J07E1),moins de 65 ans,762
2023-2024,2024-02-13,120,ACTE(VGP),65 ans et plus,534
2023-2024,2024-02-13,120,DOSES(J07E1),65 ans et plus,649
2023-2024,2024-02-13,120,ACTE(VGP),moins de 65 ans,495
2023-2024,2024-02-13,120,DOSES(J07E1),moins de 65 ans,787
2023-2024,2024-02-14,121,ACTE(VGP),65 ans et plus,400
2023-2024,2024-02-14,121,DOSES(J07E1),65 ans et plus,416
2023-2024,2024-02-14,121,ACTE(VGP),moins de 65 ans,422
2023-2024,2024-02-14,121,DOSES(J07E1),moins de 65 ans,692
2023-2024,2024-02-15,122,ACTE(VGP),65 ans et plus,429
2023-2024,2024-02-15,122,DOSES(J07E1),65 ans et plus,550
2023-2024,2024-02-15,122,ACTE(VGP),moins de 65 ans,432
2023-2024,2024-02-15,122,DOSES(J07E1),moins de 65 ans,584
2023-2024,2024-02-16,123,ACTE(VGP),65 ans et plus,393
2023-2024,2024-02-16,123,DOSES(J07E1),65 ans et plus,379
2023-2024,2024-02-16,123,ACTE(VGP),moins de 65 ans,443
2023-2024,2024-02-16,123,DOSES(J07E1),moins de 65 ans,643
2023-2024,2024-02-17,124,ACTE(VGP),65 ans et plus,185
2023-2024,2024-02-17,124,DOSES(J07E1),65 ans et plus,208
2023-2024,2024-02-17,124,ACTE(VGP),moins de 65 ans,246
2023-2024,2024-02-17,124,DOSES(J07E1),moins de 65 ans,401
2023-2024,2024-02-18,125,ACTE(VGP),65 ans et plus,9
2023-2024,2024-02-18,125,DOSES(J07E1),65 ans et plus,4
2023-2024,2024-02-18,125,ACTE(VGP),moins de 65 ans,9
2023-2024,2024-02-18,125,DOSES(J07E1),moins de 65 ans,2
2023-2024,2024-02-19,126,ACTE(VGP),65 ans et plus,404
2023-2024,2024-02-19,126,DOSES(J07E1),65 ans et plus,374
2023-2024,2024-02-19,126,ACTE(VGP),moins de 65 ans,377
2023-2024,2024-02-19,126,DOSES(J07E1),moins de 65 ans,513
2023-2024,2024-02-20,127,ACTE(VGP),65 ans et plus,416
2023-2024,2024-02-20,127,DOSES(J07E1),65 ans et plus,420
2023-2024,2024-02-20,127,ACTE(VGP),moins de 65 ans,360
2023-2024,2024-02-20,127,DOSES(J07E1),moins de 65 ans,575
2023-2024,2024-02-21,128,ACTE(VGP),65 ans et plus,305
2023-2024,2024-02-21,128,DOSES(J07E1),65 ans et plus,283
2023-2024,2024-02-21,128,ACTE(VGP),moins de 65 ans,305
2023-2024,2024-02-21,128,DOSES(J07E1),moins de 65 ans,528
2023-2024,2024-02-22,129,ACTE(VGP),65 ans et plus,294
2023-2024,2024-02-22,129,DOSES(J07E1),65 ans et plus,381
2023-2024,2024-02-22,129,ACTE(VGP),moins de 65 ans,267
2023-2024,2024-02-22,129,DOSES(J07E1),moins de 65 ans,441
2023-2024,2024-02-23,130,ACTE(VGP),65 ans et plus,308
2023-2024,2024-02-23,130,DOSES(J07E1),65 ans et plus,374
2023-2024,2024-02-23,130,ACTE(VGP),moins de 65 ans,316
2023-2024,2024-02-23,130,DOSES(J07E1),moins de 65 ans,472
2023-2024,2024-02-24,131,ACTE(VGP),65 ans et plus,103
2023-2024,2024-02-24,131,DOSES(J07E1),65 ans et plus,144
2023-2024,2024-02-24,131,ACTE(VGP),moins de 65 ans,211
2023-2024,2024-02-24,131,DOSES(J07E1),moins de 65 ans,306
2023-2024,2024-02-25,132,ACTE(VGP),65 ans et plus,5
2023-2024,2024-02-25,132,DOSES(J07E1),65 ans et plus,6
2023-2024,2024-02-25,132,ACTE(VGP),moins de 65 ans,8
2023-2024,2024-02-25,132,DOSES(J07E1),moins de 65 ans,7
2023-2024,2024-02-26,133,ACTE(VGP),65 ans et plus,270
2023-2024,2024-02-26,133,DOSES(J07E1),65 ans et plus,253
2023-2024,2024-02-26,133,ACTE(VGP),moins de 65 ans,283
2023-2024,2024-02-26,133,DOSES(J07E1),moins de 65 ans,374
2023-2024,2024-02-27,134,ACTE(VGP),65 ans et plus,320
2023-2024,2024-02-27,134,DOSES(J07E1),65 ans et plus,323
2023-2024,2024-02-27,134,ACTE(VGP),moins de 65 ans,292
2023-2024,2024-02-27,134,DOSES(J07E1),moins de 65 ans,405
2023-2024,2024-02-28,135,ACTE(VGP),65 ans et plus,261
2023-2024,2024-02-28,135,DOSES(J07E1),65 ans et plus,334
2023-2024,2024-02-28,135,ACTE(VGP),moins de 65 ans,278
2023-2024,2024-02-28,135,DOSES(J07E1),moins de 65 ans,467
2024-2025,2024-10-15,1,ACTE(VGP),65 ans et plus,146334
2024-2025,2024-10-15,1,DOSES(J07E1),65 ans et plus,341944
2024-2025,2024-10-15,1,ACTE(VGP),moins de 65 ans,44589
2024-2025,2024-10-15,1,DOSES(J07E1),moins de 65 ans,91436
2024-2025,2024-10-16,2,ACTE(VGP),65 ans et plus,115083
2024-2025,2024-10-16,2,DOSES(J07E1),65 ans et plus,255443
2024-2025,2024-10-16,2,ACTE(VGP),moins de 65 ans,34347
2024-2025,2024-10-16,2,DOSES(J07E1),moins de 65 ans,69248
2024-2025,2024-10-17,3,ACTE(VGP),65 ans et plus,110854
2024-2025,2024-10-17,3,DOSES(J07E1),65 ans et plus,233798
2024-2025,2024-10-17,3,ACTE(VGP),moins de 65 ans,30414
2024-2025,2024-10-17,3,DOSES(J07E1),moins de 65 ans,58682
2024-2025,2024-10-18,4,ACTE(VGP),65 ans et plus,109709
2024-2025,2024-10-18,4,DOSES(J07E1),65 ans et plus,224778
2024-2025,2024-10-18,4,ACTE(VGP),moins de 65 ans,34582
2024-2025,2024-10-18,4,DOSES(J07E1),moins de 65 ans,62795
2024-2025,2024-10-19,5,ACTE(VGP),65 ans et plus,31866
2024-2025,2024-10-19,5,DOSES(J07E1),65 ans et plus,86732
2024-2025,2024-10-19,5,ACTE(VGP),moins de 65 ans,19072
2024-2025,2024-10-19,5,DOSES(J07E1),moins de 65 ans,37235
2024-2025,2024-10-20,6,ACTE(VGP),65 ans et plus,396
2024-2025,2024-10-20,6,DOSES(J07E1),65 ans et plus,1551
2024-2025,2024-10-20,6,ACTE(VGP),moins de 65 ans,250
2024-2025,2024-10-20,6,DOSES(J07E1),moins de 65 ans,559
2024-2025,2024-10-21,7,ACTE(VGP),65 ans et plus,98966
2024-2025,2024-10-21,7,DOSES(J07E1),65 ans et plus,197652
2024-2025,2024-10-21,7,ACTE(VGP),moins de 65 ans,28323
2024-2025,2024-10-21,7,DOSES(J07E1),moins de 65 ans,53840
2024-2025,2024-10-22,8,ACTE(VGP),65 ans et plus,121847
2024-2025,2024-10-22,8,DOSES(J07E1),65 ans et plus,230897
2024-2025,2024-10-22,8,ACTE(VGP),moins de 65 ans,30945
2024-2025,2024-10-22,8,DOSES(J07E1),moins de 65 ans,56879
2024-2025,2024-10-23,9,ACTE(VGP),65 ans et plus,91773
2024-2025,2024-10-23,9,DOSES(J07E1),65 ans et plus,182718
2024-2025,2024-10-23,9,ACTE(VGP),moins de 65 ans,25787
2024-2025,2024-10-23,9,DOSES(J07E1),moins de 65 ans,49005
2024-2025,2024-10-24,10,ACTE(VGP),65 ans et plus,93236
2024-2025,2024-10-24,10,DOSES(J07E1),65 ans et plus,180034
2024-2025,2024-10-24,10,ACTE(VGP),moins de 65 ans,25277
2024-2025,2024-10-24,10,DOSES(J07E1),moins de 65 ans,47625
2024-2025,2024-10-25,11,ACTE(VGP),65 ans et plus,92645
2024-2025,2024-10-25,11,DOSES(J07E1),65 ans et plus,175682
2024-2025,2024-10-25,11,ACTE(VGP),moins de 65 ans,30962
2024-2025,2024-10-25,11,DOSES(J07E1),moins de 65 ans,54557
2024-2025,2024-10-26,12,ACTE(VGP),65 ans et plus,26970
2024-2025,2024-10-26,12,DOSES(J07E1),65 ans et plus,69793
2024-2025,2024-10-26,12,ACTE(VGP),moins de 65 ans,16784
2024-2025,2024-10-26,12,DOSES(J07E1),moins de 65 ans,31719
2024-2025,2024-10-27,13,ACTE(VGP),65 ans et plus,317
2024-2025,2024-10-27,13,DOSES(J07E1),65 ans et plus,1108
2024-2025,2024-10-27,13,ACTE(VGP),moins de 65 ans,202
2024-2025,2024-10-27,13,DOSES(J07E1),moins de 65 ans,423
2024-2025,2024-10-28,14,ACTE(VGP),65 ans et plus,97442
2024-2025,2024-10-28,14,DOSES(J07E1),65 ans et plus,183917
2024-2025,2024-10-28,14,ACTE(VGP),moins de 65 ans,28962
2024-2025,2024-10-28,14,DOSES(J07E1),moins de 65 ans,53895
2024-2025,2024-10-29,15,ACTE(VGP),65 ans et plus,116049
2024-2025,2024-10-29,15,DOSES(J07E1),65 ans et plus,209586
2024-2025,2024-10-29,15,ACTE(VGP),moins de 65 ans,31500
2024-2025,2024-10-29,15,DOSES(J07E1),moins de 65 ans,56023
2024-2025,2024-10-30,16,ACTE(VGP),65 ans et plus,89703
2024-2025,2024-10-30,16,DOSES(J07E1),65 ans et plus,171559
2024-2025,2024-10-30,16,ACTE(VGP),moins de 65 ans,27159
2024-2025,2024-10-30,16,DOSES(J07E1),moins de 65 ans,50491
2024-2025,2024-10-31,17,ACTE(VGP),65 ans et plus,92243
2024-2025,2024-10-31,17,DOSES(J07E1),65 ans et plus,170713
2024-2025,2024-10-31,17,ACTE(VGP),moins de 65 ans,30762
2024-2025,2024-10-31,17,DOSES(J07E1),moins de 65 ans,53897
2024-2025,2024-11-01,18,ACTE(VGP),65 ans et plus,618
2024-2025,2024-11-01,18,DOSES(J07E1),65 ans et plus,1864
2024-2025,2024-11-01,18,ACTE(VGP),moins de 65 ans,385
2024-2025,2024-11-01,18,DOSES(J07E1),moins de 65 ans,777
2024-2025,2024-11-02,19,ACTE(VGP),65 ans et plus,31433
2024-2025,2024-11-02,19,DOSES(J07E1),65 ans et plus,78009
2024-2025,2024-11-02,19,ACTE(VGP),moins de 65 ans,17888
2024-2025,2024-11-02,19,DOSES(J07E1),moins de 65 ans,33741
2024-2025,2024-11-03,20,ACTE(VGP),65 ans et plus,272
2024-2025,2024-11-03,20,DOSES(J07E1),65 ans et plus,694
2024-2025,2024-11-03,20,ACTE(VGP),moins de 65 ans,185
2024-2025,2024-11-03,20,DOSES(J07E1),moins de 65 ans,312
2024-2025,2024-11-04,21,ACTE(VGP),65 ans et plus,125505
2024-2025,2024-11-04,21,DOSES(J07E1),65 ans et plus,222190
2024-2025,2024-11-04,21,ACTE(VGP),moins de 65 ans,31148
2024-2025,2024-11-04,21,DOSES(J07E1),moins de 65 ans,56423
2024-2025,2024-11-05,22,ACTE(VGP),65 ans et plus,157029
2024-2025,2024-11-05,22,DOSES(J07E1),65 ans et plus,262013
2024-2025,2024-11-05,22,ACTE(VGP),moins de 65 ans,34311
2024-2025,2024-11-05,22,DOSES(J07E1),moins de 65 ans,61032
2024-2025,2024-11-06,23,ACTE(VGP),65 ans et plus,119631
2024-2025,2024-11-06,23,DOSES(J07E1),65 ans et plus,204412
2024-2025,2024-11-06,23,ACTE(VGP),moins de 65 ans,29642
2024-2025,2024-11-06,23,DOSES(J07E1),moins de 65 ans,53794
2024-2025,2024-11-07,24,ACTE(VGP),65 ans et plus,129837
2024-2025,2024-11-07,24,DOSES(J07E1),65 ans et plus,214453
2024-2025,2024-11-07,24,ACTE(VGP),moins de 65 ans,30268
2024-2025,2024-11-07,24,DOSES(J07E1),moins de 65 ans,53429
2024-2025,2024-11-08,25,ACTE(VGP),65 ans et plus,130518
2024-2025,2024-11-08,25,DOSES(J07E1),65 ans et plus,209961
2024-2025,2024-11-08,25,ACTE(VGP),moins de 65 ans,38389
2024-2025,2024-11-08,25,DOSES(J07E1),moins de 65 ans,62962
2024-2025,2024-11-09,26,ACTE(VGP),65 ans et plus,35262
2024-2025,2024-11-09,26,DOSES(J07E1),65 ans et plus,76950
2024-2025,2024-11-09,26,ACTE(VGP),moins de 65 ans,22305
2024-2025,2024-11-09,26,DOSES(J07E1),moins de 65 ans,39595
2024-2025,2024-11-10,27,ACTE(VGP),65 ans et plus,298
2024-2025,2024-11-10,27,DOSES(J07E1),65 ans et plus,1033
2024-2025,2024-11-10,27,ACTE(VGP),moins de 65 ans,238
2024-2025,2024-11-10,27,DOSES(J07E1),moins de 65 ans,497
2024-2025,2024-11-11,28,ACTE(VGP),65 ans et plus,681
2024-2025,2024-11-11,28,DOSES(J07E1),65 ans et plus,1632
2024-2025,2024-11-11,28,ACTE(VGP),moins de 65 ans,369
2024-2025,2024-11-11,28,DOSES(J07E1),moins de 65 ans,715
2024-2025,2024-11-12,29,ACTE(VGP),65 ans et plus,171854
2024-2025,2024-11-12,29,DOSES(J07E1),65 ans et plus,270807
2024-2025,2024-11-12,29,ACTE(VGP),moins de 65 ans,37041
2024-2025,2024-11-12,29,DOSES(J07E1),moins de 65 ans,63405
2024-2025,2024-11-13,30,ACTE(VGP),65 ans et plus,139972
2024-2025,2024-11-13,30,DOSES(J07E1),65 ans et plus,220083
2024-2025,2024-11-13,30,ACTE(VGP),moins de 65 ans,32282
2024-2025,2024-11-13,30,DOSES(J07E1),moins de 65 ans,56767
2024-2025,2024-11-14,31,ACTE(VGP),65 ans et plus,145403
2024-2025,2024-11-14,31,DOSES(J07E1),65 ans et plus,221578
2024-2025,2024-11-14,31,ACTE(VGP),moins de 65 ans,32075
2024-2025,2024-11-14,31,DOSES(J07E1),moins de 65 ans,54163
2024-2025,2024-11-15,32,ACTE(VGP),65 ans et plus,140714
2024-2025,2024-11-15,32,DOSES(J07E1),65 ans et plus,209196
2024-2025,2024-11-15,32,ACTE(VGP),moins de 65 ans,38595
2024-2025,2024-11-15,32,DOSES(J07E1),moins de 65 ans,61328
2024-2025,2024-11-16,33,ACTE(VGP),65 ans et plus,35611
2024-2025,2024-11-16,33,DOSES(J07E1),65 ans et plus,68433
2024-2025,2024-11-16,33,ACTE(VGP),moins de 65 ans,21404
2024-2025,2024-11-16,33,DOSES(J07E1),moins de 65 ans,37109
2024-2025,2024-11-17,34,ACTE(VGP),65 ans et plus,212
2024-2025,2024-11-17,34,DOSES(J07E1),65 ans et plus,554
2024-2025,2024-11-17,34,ACTE(VGP),moins de 65 ans,193
2024-2025,2024-11-17,34,DOSES(J07E1),moins de 65 ans,425
2024-2025,2024-11-18,35,ACTE(VGP),65 ans et plus,124035
2024-2025,2024-11-18,35,DOSES(J07E1),65 ans et plus,183173
2024-2025,2024-11-18,35,ACTE(VGP),moins de 65 ans,29612
2024-2025,2024-11-18,35,DOSES(J07E1),moins de 65 ans,49584
2024-2025,2024-11-19,36,ACTE(VGP),65 ans et plus,137240
2024-2025,2024-11-19,36,DOSES(J07E1),65 ans et plus,196775
2024-2025,2024-11-19,36,ACTE(VGP),moins de 65 ans,29923
2024-2025,2024-11-19,36,DOSES(J07E1),moins de 65 ans,49103
2024-2025,2024-11-20,37,ACTE(VGP),65 ans et plus,112235
2024-2025,2024-11-20,37,DOSES(J07E1),65 ans et plus,164260
2024-2025,2024-11-20,37,ACTE(VGP),moins de 65 ans,28696
2024-2025,2024-11-20,37,DOSES(J07E1),moins de 65 ans,47866
2024-2025,2024-11-21,38,ACTE(VGP),65 ans et plus,89737
2024-2025,2024-11-21,38,DOSES(J07E1),65 ans et plus,131390
2024-2025,2024-11-21,38,ACTE(VGP),moins de 65 ans,24223
2024-2025,2024-11-21,38,DOSES(J07E1),moins de 65 ans,39919
2024-2025,2024-11-22,39,ACTE(VGP),65 ans et plus,95503
2024-2025,2024-11-22,39,DOSES(J07E1),65 ans et plus,138277
2024-2025,2024-11-22,39,ACTE(VGP),moins de 65 ans,31206
2024-2025,2024-11-22,39,DOSES(J07E1),moins de 65 ans,48146
2024-2025,2024-11-23,40,ACTE(VGP),65 ans et plus,27265
2024-2025,2024-11-23,40,DOSES(J07E1),65 ans et plus,49025
2024-2025,2024-11-23,40,ACTE(VGP),moins de 65 ans,18461
2024-2025,2024-11-23,40,DOSES(J07E1),moins de 65 ans,30621
2024-2025,2024-11-24,41,ACTE(VGP),65 ans et plus,169
2024-2025,2024-11-24,41,DOSES(J07E1),65 ans et plus,352
2024-2025,2024-11-24,41,ACTE(VGP),moins de 65 ans,280
2024-2025,2024-11-24,41,DOSES(J07E1),moins de 65 ans,497
2024-2025,2024-11-25,42,ACTE(VGP),65 ans et plus,88069
2024-2025,2024-11-25,42,DOSES(J07E1),65 ans et plus,124967
2024-2025,2024-11-25,42,ACTE(VGP),moins de 65 ans,23751
2024-2025,2024-11-25,42,DOSES(J07E1),moins de 65 ans,38550
2024-2025,2024-11-26,43,ACTE(VGP),65 ans et plus,105205
2024-2025,2024-11-26,43,DOSES(J07E1),65 ans et plus,145384
2024-2025,2024-11-26,43,ACTE(VGP),moins de 65 ans,24108
2024-2025,2024-11-26,43,DOSES(J07E1),moins de 65 ans,39112
2024-2025,2024-11-27,44,ACTE(VGP),65 ans et plus,71564
2024-2025,2024-11-27,44,DOSES(J07E1),65 ans et plus,103064
2024-2025,2024-11-27,44,ACTE(VGP),moins de 65 ans,20752
2024-2025,2024-11-27,44,DOSES(J07E1),moins de 65 ans,34006
2024-2025,2024-11-28,45,ACTE(VGP),65 ans et plus,77904
2024-2025,2024-11-28,45,DOSES(J07E1),65 ans et plus,107901
2024-2025,2024-11-28,45,ACTE(VGP),moins de 65 ans,19804
2024-2025,2024-11-28,45,DOSES(J07E1),moins de 65 ans,32652
2024-2025,2024-11-29,46,ACTE(VGP),65 ans et plus,69976
2024-2025,2024-11-29,46,DOSES(J07E1),65 ans et plus,96897
2024-2025,2024-11-29,46,ACTE(VGP),moins de 65 ans,23758
2024-2025,2024-11-29,46,DOSES(J07E1),moins de 65 ans,36245
2024-2025,2024-11-30,47,ACTE(VGP),65 ans et plus,19081
2024-2025,2024-11-30,47,DOSES(J07E1),65 ans et plus,32920
2024-2025,2024-11-30,47,ACTE(VGP),moins de 65 ans,13478
2024-2025,2024-11-30,47,DOSES(J07E1),moins de 65 ans,22506
2024-2025,2024-12-01,48,ACTE(VGP),65 ans et plus,311
2024-2025,2024-12-01,48,DOSES(J07E1),65 ans et plus,492
2024-2025,2024-12-01,48,ACTE(VGP),moins de 65 ans,228
2024-2025,2024-12-01,48,DOSES(J07E1),moins de 65 ans,443
2024-2025,2024-12-02,49,ACTE(VGP),65 ans et plus,61894
2024-2025,2024-12-02,49,DOSES(J07E1),65 ans et plus,84249
2024-2025,2024-12-02,49,ACTE(VGP),moins de 65 ans,18342
2024-2025,2024-12-02,49,DOSES(J07E1),moins de 65 ans,28930
2024-2025,2024-12-03,50,ACTE(VGP),65 ans et plus,70670
2024-2025,2024-12-03,50,DOSES(J07E1),65 ans et plus,94997
2024-2025,2024-12-03,50,ACTE(VGP),moins de 65 ans,19193
2024-2025,2024-12-03,50,DOSES(J07E1),moins de 65 ans,29999
2024-2025,2024-12-04,51,ACTE(VGP),65 ans et plus,51358
2024-2025,2024-12-04,51,DOSES(J07E1),65 ans et plus,71796
2024-2025,2024-12-04,51,ACTE(VGP),moins de 65 ans,16626
2024-2025,2024-12-04,51,DOSES(J07E1),moins de 65 ans,26682
2024-2025,2024-12-05,52,ACTE(VGP),65 ans et plus,57999
2024-2025,2024-12-05,52,DOSES(J07E1),65 ans et plus,77707
2024-2025,2024-12-05,52,ACTE(VGP),moins de 65 ans,18041
2024-2025,2024-12-05,52,DOSES(J07E1),moins de 65 ans,28097
2024-2025,2024-12-06,53,ACTE(VGP),65 ans et plus,64257
2024-2025,2024-12-06,53,DOSES(J07E1),65 ans et plus,84020
2024-2025,2024-12-06,53,ACTE(VGP),moins de 65 ans,22473
2024-2025,2024-12-06,53,DOSES(J07E1),moins de 65 ans,32631
2024-2025,2024-12-07,54,ACTE(VGP),65 ans et plus,16828
2024-2025,2024-12-07,54,DOSES(J07E1),65 ans et plus,26363
2024-2025,2024-12-07,54,ACTE(VGP),moins de 65 ans,13734
2024-2025,2024-12-07,54,DOSES(J07E1),moins de 65 ans,20474
2024-2025,2024-12-08,55,ACTE(VGP),65 ans et plus,117
2024-2025,2024-12-08,55,DOSES(J07E1),65 ans et plus,138
2024-2025,2024-12-08,55,ACTE(VGP),moins de 65 ans,223
2024-2025,2024-12-08,55,DOSES(J07E1),moins de 65 ans,344
2024-2025,2024-12-09,56,ACTE(VGP),65 ans et plus,52025
2024-2025,2024-12-09,56,DOSES(J07E1),65 ans et plus,69465
2024-2025,2024-12-09,56,ACTE(VGP),moins de 65 ans,17639
2024-2025,2024-12-09,56,DOSES(J07E1),moins de 65 ans,26429
2024-2025,2024-12-10,57,ACTE(VGP),65 ans et plus,58186
2024-2025,2024-12-10,57,DOSES(J07E1),65 ans et plus,76673
2024-2025,2024-12-10,57,ACTE(VGP),moins de 65 ans,17887
2024-2025,2024-12-10,57,DOSES(J07E1),moins de 65 ans,26913
2024-2025,2024-12-11,58,ACTE(VGP),65 ans et plus,43167
2024-2025,2024-12-11,58,DOSES(J07E1),65 ans et plus,57984
2024-2025,2024-12-11,58,ACTE(VGP),moins de 65 ans,16199
2024-2025,2024-12-11,58,DOSES(J07E1),moins de 65 ans,24708
2024-2025,2024-12-12,59,ACTE(VGP),65 ans et plus,43518
2024-2025,2024-12-12,59,DOSES(J07E1),65 ans et plus,57749
2024-2025,2024-12-12,59,ACTE(VGP),moins de 65 ans,15079
2024-2025,2024-12-12,59,DOSES(J07E1),moins de 65 ans,22797
2024-2025,2024-12-13,60,ACTE(VGP),65 ans et plus,42840
2024-2025,2024-12-13,60,DOSES(J07E1),65 ans et plus,56263
2024-2025,2024-12-13,60,ACTE(VGP),moins de 65 ans,18487
2024-2025,2024-12-13,60,DOSES(J07E1),moins de 65 ans,26394
2024-2025,2024-12-14,61,ACTE(VGP),65 ans et plus,16144
2024-2025,2024-12-14,61,DOSES(J07E1),65 ans et plus,23331
2024-2025,2024-12-14,61,ACTE(VGP),moins de 65 ans,13007
2024-2025,2024-12-14,61,DOSES(J07E1),moins de 65 ans,18696
2024-2025,2024-12-15,62,ACTE(VGP),65 ans et plus,130
2024-2025,2024-12-15,62,DOSES(J07E1),65 ans et plus,173
2024-2025,2024-12-15,62,ACTE(VGP),moins de 65 ans,158
2024-2025,2024-12-15,62,DOSES(J07E1),moins de 65 ans,267
2024-2025,2024-12-16,63,ACTE(VGP),65 ans et plus,36943
2024-2025,2024-12-16,63,DOSES(J07E1),65 ans et plus,47355
2024-2025,2024-12-16,63,ACTE(VGP),moins de 65 ans,14713
2024-2025,2024-12-16,63,DOSES(J07E1),moins de 65 ans,21862
2024-2025,2024-12-17,64,ACTE(VGP),65 ans et plus,36200
2024-2025,2024-12-17,64,DOSES(J07E1),65 ans et plus,47018
2024-2025,2024-12-17,64,ACTE(VGP),moins de 65 ans,14431
2024-2025,2024-12-17,64,DOSES(J07E1),moins de 65 ans,21087
2024-2025,2024-12-18,65,ACTE(VGP),65 ans et plus,25389
2024-2025,2024-12-18,65,DOSES(J07E1),65 ans et plus,33531
2024-2025,2024-12-18,65,ACTE(VGP),moins de 65 ans,12358
2024-2025,2024-12-18,65,DOSES(J07E1),moins de 65 ans,18387
2024-2025,2024-12-19,66,ACTE(VGP),65 ans et plus,26137
2024-2025,2024-12-19,66,DOSES(J07E1),65 ans et plus,34301
2024-2025,2024-12-19,66,ACTE(VGP),moins de 65 ans,11277
2024-2025,2024-12-19,66,DOSES(J07E1),moins de 65 ans,16840
2024-2025,2024-12-20,67,ACTE(VGP),65 ans et plus,24615
2024-2025,2024-12-20,67,DOSES(J07E1),65 ans et plus,32141
2024-2025,2024-12-20,67,ACTE(VGP),moins de 65 ans,13160
2024-2025,2024-12-20,67,DOSES(J07E1),moins de 65 ans,18875
2024-2025,2024-12-21,68,ACTE(VGP),65 ans et plus,8111
2024-2025,2024-12-21,68,DOSES(J07E1),65 ans et plus,11538
2024-2025,2024-12-21,68,ACTE(VGP),moins de 65 ans,7705
2024-2025,2024-12-21,68,DOSES(J07E1),moins de 65 ans,11140
2024-2025,2024-12-22,69,ACTE(VGP),65 ans et plus,84
2024-2025,2024-12-22,69,DOSES(J07E1),65 ans et plus,87
2024-2025,2024-12-22,69,ACTE(VGP),moins de 65 ans,99
2024-2025,2024-12-22,69,DOSES(J07E1),moins de 65 ans,247
2024-2025,2024-12-23,70,ACTE(VGP),65 ans et plus,9667
2024-2025,2024-12-23,70,DOSES(J07E1),65 ans et plus,13663
2024-2025,2024-12-23,70,ACTE(VGP),moins de 65 ans,7066
2024-2025,2024-12-23,70,DOSES(J07E1),moins de 65 ans,11161
2024-2025,2024-12-24,71,ACTE(VGP),65 ans et plus,3747
2024-2025,2024-12-24,71,DOSES(J07E1),65 ans et plus,6668
2024-2025,2024-12-24,71,ACTE(VGP),moins de 65 ans,2947
2024-2025,2024-12-24,71,DOSES(J07E1),moins de 65 ans,5524
2024-2025,2024-12-25,72,ACTE(VGP),65 ans et plus,19
2024-2025,2024-12-25,72,DOSES(J07E1),65 ans et plus,44
2024-2025,2024-12-25,72,ACTE(VGP),moins de 65 ans,46
2024-2025,2024-12-25,72,DOSES(J07E1),moins de 65 ans,60
2024-2025,2024-12-26,73,ACTE(VGP),65 ans et plus,7243
2024-2025,2024-12-26,73,DOSES(J07E1),65 ans et plus,10456
2024-2025,2024-12-26,73,ACTE(VGP),moins de 65 ans,5271
2024-2025,2024-12-26,73,DOSES(J07E1),moins de 65 ans,7941
2024-2025,2024-12-27,74,ACTE(VGP),65 ans et plus,19593
2024-2025,2024-12-27,74,DOSES(J07E1),65 ans et plus,24893
2024-2025,2024-12-27,74,ACTE(VGP),moins de 65 ans,9549
2024-2025,2024-12-27,74,DOSES(J07E1),moins de 65 ans,13271
2024-2025,2024-12-28,75,ACTE(VGP),65 ans et plus,18461
2024-2025,2024-12-28,75,DOSES(J07E1),65 ans et plus,24737
2024-2025,2024-12-28,75,ACTE(VGP),moins de 65 ans,10646
2024-2025,2024-12-28,75,DOSES(J07E1),moins de 65 ans,14765
2024-2025,2024-12-29,76,ACTE(VGP),65 ans et plus,65
2024-2025,2024-12-29,76,DOSES(J07E1),65 ans et plus,146
2024-2025,2024-12-29,76,ACTE(VGP),moins de 65 ans,79
2024-2025,2024-12-29,76,DOSES(J07E1),moins de 65 ans,150
2024-2025,2024-12-30,77,ACTE(VGP),65 ans et plus,16941
2024-2025,2024-12-30,77,DOSES(J07E1),65 ans et plus,22866
2024-2025,2024-12-30,77,ACTE(VGP),moins de 65 ans,9898
2024-2025,2024-12-30,77,DOSES(J07E1),moins de 65 ans,14216
2024-2025,2024-12-31,78,ACTE(VGP),65 ans et plus,7189
2024-2025,2024-12-31,78,DOSES(J07E1),65 ans et plus,11288
2024-2025,2024-12-31,78,ACTE(VGP),moins de 65 ans,4990
2024-2025,2024-12-31,78,DOSES(J07E1),moins de 65 ans,8242
2024-2025,2025-01-01,79,ACTE(VGP),65 ans et plus,26
2024-2025,2025-01-01,79,DOSES(J07E1),65 ans et plus,55
2024-2025,2025-01-01,79,ACTE(VGP),moins de 65 ans,40
2024-2025,2025-01-01,79,DOSES(J07E1),moins de 65 ans,71
2024-2025,2025-01-02,80,ACTE(VGP),65 ans et plus,10685
2024-2025,2025-01-02,80,DOSES(J07E1),65 ans et plus,14582
2024-2025,2025-01-02,80,ACTE(VGP),moins de 65 ans,7198
2024-2025,2025-01-02,80,DOSES(J07E1),moins de 65 ans,10370
2024-2025,2025-01-03,81,ACTE(VGP),65 ans et plus,17166
2024-2025,2025-01-03,81,DOSES(J07E1),65 ans et plus,22316
2024-2025,2025-01-03,81,ACTE(VGP),moins de 65 ans,10145
2024-2025,2025-01-03,81,DOSES(J07E1),moins de 65 ans,13820
2024-2025,2025-01-04,82,ACTE(VGP),65 ans et plus,9966
2024-2025,2025-01-04,82,DOSES(J07E1),65 ans et plus,13546
2024-2025,2025-01-04,82,ACTE(VGP),moins de 65 ans,8336
2024-2025,2025-01-04,82,DOSES(J07E1),moins de 65 ans,11390
2024-2025,2025-01-05,83,ACTE(VGP),65 ans et plus,56
2024-2025,2025-01-05,83,DOSES(J07E1),65 ans et plus,122
2024-2025,2025-01-05,83,ACTE(VGP),moins de 65 ans,117
2024-2025,2025-01-05,83,DOSES(J07E1),moins de 65 ans,201
2024-2025,2025-01-06,84,ACTE(VGP),65 ans et plus,17266
2024-2025,2025-01-06,84,DOSES(J07E1),65 ans et plus,22458
2024-2025,2025-01-06,84,ACTE(VGP),moins de 65 ans,9941
2024-2025,2025-01-06,84,DOSES(J07E1),moins de 65 ans,13924
2024-2025,2025-01-07,85,ACTE(VGP),65 ans et plus,22265
2024-2025,2025-01-07,85,DOSES(J07E1),65 ans et plus,28110
2024-2025,2025-01-07,85,ACTE(VGP),moins de 65 ans,11417
2024-2025,2025-01-07,85,DOSES(J07E1),moins de 65 ans,15674
2024-2025,2025-01-08,86,ACTE(VGP),65 ans et plus,16144
2024-2025,2025-01-08,86,DOSES(J07E1),65 ans et plus,20858
2024-2025,2025-01-08,86,ACTE(VGP),moins de 65 ans,10697
2024-2025,2025-01-08,86,DOSES(J07E1),moins de 65 ans,14839
2024-2025,2025-01-09,87,ACTE(VGP),65 ans et plus,19614
2024-2025,2025-01-09,87,DOSES(J07E1),65 ans et plus,24930
2024-2025,2025-01-09,87,ACTE(VGP),moins de 65 ans,11310
2024-2025,2025-01-09,87,DOSES(J07E1),moins de 65 ans,15876
2024-2025,2025-01-10,88,ACTE(VGP),65 ans et plus,25730
2024-2025,2025-01-10,88,DOSES(J07E1),65 ans et plus,31959
2024-2025,2025-01-10,88,ACTE(VGP),moins de 65 ans,16703
2024-2025,2025-01-10,88,DOSES(J07E1),moins de 65 ans,22250
2024-2025,2025-01-11,89,ACTE(VGP),65 ans et plus,14347
2024-2025,2025-01-11,89,DOSES(J07E1),65 ans et plus,18553
2024-2025,2025-01-11,89,ACTE(VGP),moins de 65 ans,13881
2024-2025,2025-01-11,89,DOSES(J07E1),moins de 65 ans,18490
2024-2025,2025-01-12,90,ACTE(VGP),65 ans et plus,129
2024-2025,2025-01-12,90,DOSES(J07E1),65 ans et plus,196
2024-2025,2025-01-12,90,ACTE(VGP),moins de 65 ans,213
2024-2025,2025-01-12,90,DOSES(J07E1),moins de 65 ans,348
2024-2025,2025-01-13,91,ACTE(VGP),65 ans et plus,18563
2024-2025,2025-01-13,91,DOSES(J07E1),65 ans et plus,23140
2024-2025,2025-01-13,91,ACTE(VGP),moins de 65 ans,12231
2024-2025,2025-01-13,91,DOSES(J07E1),moins de 65 ans,16156
2024-2025,2025-01-14,92,ACTE(VGP),65 ans et plus,14240
2024-2025,2025-01-14,92,DOSES(J07E1),65 ans et plus,17996
2024-2025,2025-01-14,92,ACTE(VGP),moins de 65 ans,9537
2024-2025,2025-01-14,92,DOSES(J07E1),moins de 65 ans,13044
2024-2025,2025-01-15,93,ACTE(VGP),65 ans et plus,10780
2024-2025,2025-01-15,93,DOSES(J07E1),65 ans et plus,13942
2024-2025,2025-01-15,93,ACTE(VGP),moins de 65 ans,8479
2024-2025,2025-01-15,93,DOSES(J07E1),moins de 65 ans,11677
2024-2025,2025-01-16,94,ACTE(VGP),65 ans et plus,10705
2024-2025,2025-01-16,94,DOSES(J07E1),65 ans et plus,13792
2024-2025,2025-01-16,94,ACTE(VGP),moins de 65 ans,7213
2024-2025,2025-01-16,94,DOSES(J07E1),moins de 65 ans,10144
2024-2025,2025-01-17,95,ACTE(VGP),65 ans et plus,14780
2024-2025,2025-01-17,95,DOSES(J07E1),65 ans et plus,18577
2024-2025,2025-01-17,95,ACTE(VGP),moins de 65 ans,9705
2024-2025,2025-01-17,95,DOSES(J07E1),moins de 65 ans,12691
2024-2025,2025-01-18,96,ACTE(VGP),65 ans et plus,9188
2024-2025,2025-01-18,96,DOSES(J07E1),65 ans et plus,11898
2024-2025,2025-01-18,96,ACTE(VGP),moins de 65 ans,8370
2024-2025,2025-01-18,96,DOSES(J07E1),moins de 65 ans,11089
2024-2025,2025-01-19,97,ACTE(VGP),65 ans et plus,62
2024-2025,2025-01-19,97,DOSES(J07E1),65 ans et plus,111
2024-2025,2025-01-19,97,ACTE(VGP),moins de 65 ans,89
2024-2025,2025-01-19,97,DOSES(J07E1),moins de 65 ans,179
2024-2025,2025-01-20,98,ACTE(VGP),65 ans et plus,11484
2024-2025,2025-01-20,98,DOSES(J07E1),65 ans et plus,14274
2024-2025,2025-01-20,98,ACTE(VGP),moins de 65 ans,7401
2024-2025,2025-01-20,98,DOSES(J07E1),moins de 65 ans,9855
2024-2025,2025-01-21,99,ACTE(VGP),65 ans et plus,7799
2024-2025,2025-01-21,99,DOSES(J07E1),65 ans et plus,10698
2024-2025,2025-01-21,99,ACTE(VGP),moins de 65 ans,5465
2024-2025,2025-01-21,99,DOSES(J07E1),moins de 65 ans,7832
2024-2025,2025-01-22,100,ACTE(VGP),65 ans et plus,7162
2024-2025,2025-01-22,100,DOSES(J07E1),65 ans et plus,9634
2024-2025,2025-01-22,100,ACTE(VGP),moins de 65 ans,5395
2024-2025,2025-01-22,100,DOSES(J07E1),moins de 65 ans,7771
2024-2025,2025-01-23,101,ACTE(VGP),65 ans et plus,12771
2024-2025,2025-01-23,101,DOSES(J07E1),65 ans et plus,16607
2024-2025,2025-01-23,101,ACTE(VGP),moins de 65 ans,8216
2024-2025,2025-01-23,101,DOSES(J07E1),moins de 65 ans,11377
2024-2025,2025-01-24,102,ACTE(VGP),65 ans et plus,9515
2024-2025,2025-01-24,102,DOSES(J07E1),65 ans et plus,12573
2024-2025,2025-01-24,102,ACTE(VGP),moins de 65 ans,7331
2024-2025,2025-01-24,102,DOSES(J07E1),moins de 65 ans,10034
2024-2025,2025-01-25,103,ACTE(VGP),65 ans et plus,3644
2024-2025,2025-01-25,103,DOSES(J07E1),65 ans et plus,4902
2024-2025,2025-01-25,103,ACTE(VGP),moins de 65 ans,4507
2024-2025,2025-01-25,103,DOSES(J07E1),moins de 65 ans,5631
2024-2025,2025-01-26,104,ACTE(VGP),65 ans et plus,44
2024-2025,2025-01-26,104,DOSES(J07E1),65 ans et plus,44
2024-2025,2025-01-26,104,ACTE(VGP),moins de 65 ans,67
2024-2025,2025-01-26,104,DOSES(J07E1),moins de 65 ans,94
2024-2025,2025-01-27,105,ACTE(VGP),65 ans et plus,4764
2024-2025,2025-01-27,105,DOSES(J07E1),65 ans et plus,6182
2024-2025,2025-01-27,105,ACTE(VGP),moins de 65 ans,3874
2024-2025,2025-01-27,105,DOSES(J07E1),moins de 65 ans,5067
2024-2025,2025-01-28,106,ACTE(VGP),65 ans et plus,2342
2024-2025,2025-01-28,106,DOSES(J07E1),65 ans et plus,2465
2024-2025,2025-01-28,106,ACTE(VGP),moins de 65 ans,1401
2024-2025,2025-01-28,106,DOSES(J07E1),moins de 65 ans,1436
